led,intensity,S,M,L,Rods,Mel
0,0,2.4446252226584066,67.10376163808442,78.39998715285444,43.557495045537216,28.944997789150953
0,65,70.21116833542277,11.285390842805333,11.535800823423083,24.080984251467246,28.601373188902894
0,130,231.40251468447326,27.911782471641303,23.972698000534095,72.70587013800562,88.85038182102386
0,195,446.0187825587189,42.94832634451943,33.440745935697514,134.0339460745677,167.682452417726
0,260,856.2711609370294,87.23937672999297,70.4501656896593,259.2520063494996,323.2685826173085
0,325,945.0239010135738,89.06981097228537,68.27551139499948,280.46314910900094,351.7878971044696
0,390,1210.8313114223981,112.97259459552058,83.21743484837114,362.8238236873561,454.79832447694474
0,455,1208.471882553694,119.65632858137923,94.01182156825482,364.8290289025755,455.87277819065713
0,520,1514.074484673936,146.5960015902813,111.15241580596893,457.31284380983607,571.5821426587144
0,585,1542.6558449511576,140.60968573367947,101.81534343718687,459.93462047823664,577.9357011996635
0,650,1866.5339436817972,179.4027510890129,133.52257739967337,564.551536097623,706.261685838248
0,715,1859.0152816418058,174.17318294272943,125.95562490256921,559.5191402676002,700.683732675838
0,780,2050.5974186236017,187.98459704318373,136.2736600226362,612.627130167036,769.382031073726
0,845,2023.439151830097,200.86843966858962,160.28900710311515,602.6822833674164,751.7684807000895
0,910,2214.8902838428726,213.38376592726672,160.63785326383316,670.6252363332117,838.7159706687632
0,975,2550.8591127720274,251.79356839567026,192.29189552118345,773.9767944470681,966.16371150989
0,1040,2555.458063557731,247.92825800222388,186.13688585310177,774.2562172772397,967.4539222582979
0,1105,2852.5470882805434,283.5536747617955,218.99345260458963,868.2609119880165,1083.308243838362
0,1170,2878.155923139903,288.78893648501963,223.98990769494245,879.4880299675283,1096.2154742958328
0,1235,2993.0395781904267,287.07270131676125,211.77292275861979,909.3325230238518,1136.9781111608845
0,1300,3154.379673250392,303.63162386209143,229.42428416189415,955.1570473422967,1194.6918160764249
0,1365,3248.0867136064085,313.15354658335013,236.11265672035867,982.66652939831,1229.1014335553803
0,1430,3490.9170158452325,326.1951862528426,240.94154296789972,1051.7168503381606,1319.6731587399668
0,1495,3489.099081472485,348.94064265645324,268.72898497264856,1064.5144409522825,1327.2857459148286
0,1560,3690.261477264843,357.20710322356354,266.98387123770505,1119.0440800661272,1398.4422029199425
0,1625,3806.272093393501,357.6179594496182,265.26290438470187,1145.9098091839646,1436.5928304159302
0,1690,3831.216249047962,364.79541993180106,271.8909583516508,1159.8896065927147,1452.2273261199878
0,1755,4178.8258959856785,406.53112200239536,305.05199378351915,1273.2356003440523,1591.3200391372648
0,1820,3741.0829811668527,347.5323752859611,262.9671343817986,1099.51104500315,1383.987406581808
0,1885,4475.116388003608,435.4687084807045,329.2486750001508,1361.9115323683247,1702.551371572432
0,1950,4535.814224215419,442.43690365079254,331.5018380043443,1385.6966157024465,1730.577384361368
0,2015,4664.762102463143,457.99976079051316,341.7887746337554,1433.951562533198,1790.1412176382073
0,2080,4834.071371228224,465.58627535856135,345.14155555961605,1475.4382457903525,1844.7231975941115
0,2145,5018.099711838121,483.9726802673501,357.92640140073536,1533.6823603250104,1917.768468012227
0,2210,5151.3141713105315,500.1273827178364,369.6284049276369,1575.0078928162081,1967.3281388595926
0,2275,5173.1153271684825,499.040488932898,374.9911857268307,1569.7840174681712,1962.4996470921833
0,2340,5542.841663239462,537.0025764603655,396.2868221161911,1692.6708658663447,2114.835028313655
0,2405,4959.649538427376,478.24446945470373,369.8742659570935,1472.1065312507255,1846.7703495966311
0,2470,5549.760448353921,530.5978798502804,394.21165427305027,1691.7002492816252,2117.9363342488246
0,2535,5841.77505713264,567.3285450039513,422.3715365120636,1788.3030266213398,2234.675789027448
0,2600,5903.7234728665235,576.3396628724006,429.41950447529547,1809.9113906975929,2261.5376798453885
0,2665,6119.188256481516,606.2045727179657,456.14886707207836,1888.6171173913895,2355.8206566168124
0,2730,5602.9712457777605,560.2203381474865,439.692354978932,1689.1569915367188,2112.4125442093323
0,2795,6295.03033058929,606.550513129164,448.42243870791805,1924.4290554949323,2405.723878110023
0,2860,6802.6234795381715,658.3091773274983,483.9429960639549,2084.163661007612,2601.9700634121796
0,2925,6589.098247280495,631.0429322387636,464.13983974264863,2016.4801314654821,2522.554634865398
0,2990,6856.398007374602,669.0057287599142,502.72757098578325,2107.115416358693,2632.691104179998
0,3055,6914.104173651617,692.1175279533101,520.1711226613112,2137.6185320429254,2661.9663597689614
0,3120,7030.922697539399,698.853638255819,517.0532001078229,2177.2438220679833,2712.615293832288
0,3185,7271.284425996096,713.0869694372898,528.2389821665819,2242.9325705889846,2798.9004229595093
0,3250,7283.948410583658,726.4417457045297,545.1226571114861,2255.3119622593626,2808.9350437221483
0,3315,7513.325395759077,722.66379229722,528.5696280797027,2304.987509232024,2881.640437074166
0,3380,7631.716401882496,757.8423948896152,565.6445626886301,2362.6034438494394,2945.523250052452
0,3445,7743.578814952276,754.7122648783012,555.6830164263631,2390.1367346376296,2985.5746788374686
0,3510,7126.744565470916,703.6893703398097,548.6390941907614,2145.3776657274148,2683.865145383854
0,3575,8072.435884257542,775.286539936158,564.3258125106922,2484.0847872827303,3105.208367765193
0,3640,8181.059411173662,816.4581942109711,605.3782399991567,2539.211461551202,3162.6801715590536
0,3705,8373.476991799302,803.9229901270957,586.723853347641,2580.628657059584,3227.224388717748
0,3770,7736.71574589199,755.892237713892,577.3080080534835,2338.855100149679,2929.3396922925576
0,3835,8581.324797046098,833.6914427685583,619.1803504849166,2652.190072336476,3311.9119168485563
0,3900,8674.252539380723,821.454903806567,591.5252803350553,2665.64021475185,3334.87476944286
0,3965,8698.820736397714,822.1829294267026,594.201984186511,2663.5731920550334,3333.952255713354
0,4030,8780.848876157013,874.3412543581903,651.0721494076003,2733.8515893544154,3405.927061457806
0,4095,8751.173891773622,867.5476819388906,641.5473902459336,2735.7517587863035,3409.7334424452883
1,0,5.516633484600295,7.394444233857938,10.440213082893282,6.188383939249735,5.799658887570366
1,65,176.374666779054,34.72856106518918,25.47718691829825,91.99173870314016,111.27362269337152
1,130,441.47787771803854,90.0873274662749,65.27687949852648,231.9306071067364,278.90840564962764
1,195,761.597334637594,133.3034962966732,91.55546304754465,371.7468072745332,451.4162541398076
1,260,1417.7696800468552,240.4407895290859,156.89291765360207,693.8742046706066,847.2966026429197
1,325,1557.0664683885875,274.0686307550006,186.68924040026536,763.7399090832051,927.5955560941977
1,390,1893.7323711079703,320.68336182575223,211.32247602784398,915.8688743485143,1116.0392659887627
1,455,2020.572908067432,342.4795803090371,227.93820387680844,974.6037066070489,1187.2719600339426
1,520,2397.557900469673,401.36691011871955,263.3206545037168,1153.161185654173,1405.7917111857457
1,585,2286.2439067258465,382.00495955453516,266.5646259838718,1064.6093082245943,1290.2549798150644
1,650,2895.002322350129,482.22559476407406,314.5579562380087,1393.5891672546743,1698.377537844572
1,715,2900.8175571775123,472.07906678216864,303.4097902217662,1384.9000689976301,1692.3182493570157
1,780,3274.2009086522667,552.8649006483863,370.5241501477446,1571.5244166156212,1912.5975486428406
1,845,3426.4894546067258,588.3741583566326,396.0081462306247,1654.0944476022441,2009.7247561087277
1,910,3526.829879641352,585.0555351609279,381.08606424804026,1689.6489605049162,2059.7298661530044
1,975,3886.2363411260394,648.4775273604705,431.04774352205965,1861.0245468260266,2268.0602647963146
1,1040,3928.232106576841,645.3257990139153,421.91323681176465,1872.8545077948486,2286.4462141808835
1,1105,4397.138678698137,748.284294388712,502.4795935720987,2115.1248575819277,2572.1976346091883
1,1170,4340.049707513257,692.521459206842,471.4287919746125,1972.0811707229807,2397.671650164776
1,1235,4718.374443227555,779.7905572398691,506.65688571567745,2261.5020755656365,2759.4537527624825
1,1300,4960.064386567275,832.8162133252819,553.8782592859299,2378.1496938266864,2896.5858897926964
1,1365,4943.572029666817,818.6923615797057,533.9495435373213,2363.9304703616194,2882.296048598752
1,1430,5406.094522451245,908.4179614059007,601.4440526845384,2594.5323371684353,3160.48551930542
1,1495,5418.300156288192,913.4619778859197,606.0012465091786,2603.5934474203477,3169.8325937439167
1,1560,5807.7213978416385,975.7561624223003,644.9038956630719,2794.4109120245653,3405.2390625047024
1,1625,5845.258929724729,986.6529178746755,659.1386165231155,2808.3559146332796,3419.516374509102
1,1690,5860.866489291457,932.1681617391085,634.0922881130836,2659.536372843385,3233.948769016635
1,1755,6328.821252934289,1030.0190938725634,683.9397897791865,2967.1135089640984,3609.4096278563006
1,1820,6489.680348616385,1090.7233408604145,723.3520592457728,3115.1617220035473,3794.4744297578613
1,1885,6814.88099789996,1136.605869112013,748.0252205282778,3270.5925980525585,3988.3736127625016
1,1950,6826.478299813206,1149.3181230205382,761.0063678946469,3283.776485977574,3999.0793090378074
1,2015,1.244549436468498,2.870424202064709,3.617264827496945,2.4984462919014514,2.1988466314216115
1,2080,7332.626541249976,1232.255683471062,810.6038903321827,3537.9319925853238,4313.475055649632
1,2145,7417.12698313573,1238.417900289372,810.4119467686925,3566.4405090078926,4348.250126528466
1,2210,7767.180036243705,1314.953762655597,877.6240574591685,3739.661494516004,4554.04426478692
1,2275,7864.467350144663,1321.2863038796704,869.1875693391781,3792.1589455323656,4621.774505019531
1,2340,8308.083027599678,1409.5253584891166,938.9481325528344,4005.2336717115763,4876.18385334174
1,2405,8325.485156216238,1408.5534657542732,934.2846988992194,4016.794419232508,4891.328886596312
1,2470,8484.48626892791,1415.4008334321004,930.3568505573834,4077.3577914246694,4973.662544778104
1,2535,8867.079633143996,1507.341401319807,998.4935068347168,4289.425654306712,5222.34909571877
1,2600,8906.100852102378,1496.918942458386,979.5247347463144,4295.720588644773,5235.512522195492
1,2665,9322.58402750509,1589.3445602352033,1053.4544043239985,4520.35058366874,5504.127128213962
1,2730,9410.658922277913,1605.4317153826423,1056.8447374934376,4568.023319778364,5563.184392835319
1,2795,9636.485277806303,1627.8440906223489,1074.266056671054,4655.966639671335,5672.628181729832
1,2860,9896.204124032227,1672.7970144955273,1106.72136414607,4788.708367111718,5838.41426579395
1,2925,9873.91524426768,1663.5465823373322,1087.5005038206305,4779.274000699243,5826.453527841455
1,2990,10362.542620304843,1764.5752213837604,1165.65035983351,5026.892006457442,6122.168995728553
1,3055,10446.559080847417,1776.5967775640859,1172.4586849204964,5069.226242812838,6174.256416105448
1,3120,10524.546275139583,1752.4698335451217,1175.033549852835,4999.664268776023,6084.421149128176
1,3185,10947.200172535851,1872.5095039254595,1232.8721148971567,5343.665070915265,6511.203180365469
1,3250,10927.444722243265,1855.4574909073556,1220.1466108454129,5308.194247524215,6469.21845071835
1,3315,11351.793187433996,1920.3595168849422,1258.4856476385876,5506.781334330245,6713.8035826565865
1,3380,11469.145519566491,1940.7991998047883,1276.069117429801,5557.457748415,6774.228855687203
1,3445,11764.591165106189,1987.874640906024,1300.3706680768548,5712.70985309609,6966.1579051021445
1,3510,11985.98065904355,2037.880238297593,1344.5365633851802,5826.507552414826,7103.050713175118
1,3575,12125.267494112884,2066.4883596995146,1366.0349596108392,5897.911498494237,7185.409111083398
1,3640,12329.353629532055,2102.003024653504,1378.6780662916296,6009.044825544362,7323.284882096747
1,3705,12653.302840960709,2185.3172285944916,1449.2051925261603,6185.006942189162,7527.100696115026
1,3770,12543.84786411249,2009.8184308099433,1348.491768412919,5786.534242157386,7049.971625481502
1,3835,12828.573641610743,2170.9816765014416,1414.5140231633345,6247.283200510758,7619.984324791681
1,3900,12986.763637130969,2213.599317399129,1450.236448216778,6336.984453540706,7724.231727048102
1,3965,13193.12209261127,2259.654976655958,1491.3477088224568,6443.641350445307,7850.096351128103
1,4030,13155.937254137283,2244.328716038605,1469.8576861160766,6423.0739486308385,7828.4164776193975
1,4095,13104.82426462584,2232.184095038905,1470.4622446354663,6383.932995146414,7781.987834871323
2,0,1.3959711097055931,3.4644442816180834,3.9686761636028125,3.645171625008478,3.4309764640864673
2,65,70.87716122985726,31.714829614730608,19.91026533268797,75.27625699384743,91.8206872828048
2,130,201.55891494439325,91.71212148011766,57.67057297966564,213.18554230515545,259.22866603544077
2,195,481.0337960936595,210.17271544815023,139.90816802956292,476.46126351938744,575.3282626593814
2,260,665.1733074127285,306.7264489109585,195.1062811552423,706.4856744327486,856.2437043346271
2,325,936.5047727855404,415.0465091047203,269.28283844686865,954.0728215344136,1156.6995608344384
2,390,969.4087278197472,437.72219494202716,273.4161866572688,1022.0226151996509,1241.3869204237672
2,455,1268.7115599108433,575.1395043348707,361.0646686748764,1335.0284577473724,1618.170590327328
2,520,1261.4720213741932,564.6100112063475,352.5264486535008,1322.9353639706117,1607.239636040993
2,585,1462.6432247113448,655.8074994995391,410.1136882213641,1535.6269293924177,1865.5699043527234
2,650,1538.016104633429,687.6990640314011,423.64247854664217,1616.2288115865838,1963.4789052541014
2,715,1666.7895633651262,739.9172123062272,456.99077316832404,1740.555961963592,2115.235776194368
2,780,1820.1908309144476,802.7144338163652,496.5099299933754,1892.5179762748387,2301.500187469387
2,845,1875.758730549641,839.8831666302913,526.7426881465079,1957.5215109810838,2374.7267447639015
2,910,2089.7831789521806,927.9833376487068,578.3376051714043,2175.3308847931276,2641.9273223214805
2,975,2104.001400511082,944.9301518542895,592.0265452473565,2199.0291014240715,2665.448318643287
2,1040,2445.006160696858,978.4053291813727,609.2823753029462,2336.060681252089,2839.8388054470715
2,1105,2366.075242430572,1057.0907077069792,661.9354224311512,2460.32154718268,2982.966078654927
2,1170,2534.982779269501,1121.9867647713145,696.7302716972916,2630.2858086720626,3192.265894430682
2,1235,2720.1516131642957,1092.3544551388277,683.1297245210452,2599.4560577663165,3157.8281402147272
2,1300,2760.025884934038,1230.4078184652199,773.0160512866142,2866.3834976585235,3474.079281285437
2,1365,2904.1642923908694,1296.1258329580205,809.431017819493,3018.3677399044673,3656.5815534732887
2,1430,2950.8800710202677,1306.6708748219137,813.4084154705109,3060.771646432382,3712.828312019669
2,1495,3172.63730994786,1403.3850430254524,877.4978692212494,3279.6677765052027,3977.471540686802
2,1560,3192.6404253900932,1407.013186510285,873.1843501367479,3300.9677073481403,4005.527920149512
2,1625,3528.658206800956,1410.738255316642,885.3129469614241,3354.684206184764,4074.943119762041
2,1690,3437.725499837614,1511.8002567789977,935.2749996497145,3551.1289753131855,4308.9071210839165
2,1755,3579.533376051674,1590.6557630140042,993.1086111354655,3706.617609343569,4490.485394091222
2,1820,3678.540400892868,1605.149329117244,1002.8463445843704,3763.5430770472167,4571.8088013345705
2,1885,3781.94404046632,1685.5939764308573,1057.2394408174396,3922.8092083943557,4752.415223520177
2,1950,3945.772153670858,1745.2078836495664,1086.2445690352909,4084.051428616013,4951.1637005616885
2,2015,3991.6772499165286,1770.6480035747452,1106.125828553102,4130.892616126699,5005.301323429478
2,2080,4230.2420040219,1872.1127962326648,1167.759293031264,4375.473986166112,5304.0747873734135
2,2145,4241.865091552672,1879.3860528028488,1175.283080174588,4386.778487430147,5317.106558850238
2,2210,4602.6178851720115,1841.3245433837146,1155.0997649688234,4370.922435934993,5305.364882723666
2,2275,4484.967555781309,1975.041100850606,1231.345896149964,4628.523756547046,5613.016589848013
2,2340,4592.559587451058,2026.585409226333,1261.7375821612422,4744.561618312658,5752.076965825516
2,2405,4777.58273479109,2127.2769563178763,1338.3183733073163,4947.067963707491,5990.767879471748
2,2470,4827.947751773531,2142.7696130034165,1343.6575088895834,4990.533086296167,6044.2232581654625
2,2535,5201.57297295907,2083.264109939659,1304.877117752609,4950.067252340234,6008.369187840293
2,2600,5037.874993470677,2228.9822487600372,1392.2030632709907,5205.399820493683,6307.8308165274
2,2665,5247.115293006623,2314.305459329921,1440.6253708132435,5419.78445517374,6569.317762056493
2,2730,5287.3609018388015,2340.3644491715318,1462.4714664871203,5461.829918031822,6617.439213254328
2,2795,5401.69124622229,2385.362423256044,1482.6627691044298,5581.870940909911,6765.348520014709
2,2860,5429.575179849544,2413.5776289508262,1512.4797891654246,5620.331436652753,6805.469638006971
2,2925,5629.589410870505,2497.2587845872763,1559.6324395518532,5822.467084188936,7051.668505059549
2,2990,6011.739120767019,2384.802020630942,1480.2546402481041,5700.215338718069,6925.836268352979
2,3055,5835.849556298524,2587.5404786930767,1617.2523159956033,6036.290553111173,7311.307107999178
2,3120,6006.837896677582,2646.0772634917507,1642.6909372740836,6202.0470605240225,7517.995813364145
2,3185,5944.0930831239475,2634.146065367697,1648.3361491904973,6141.355873280962,7438.340036360038
2,3250,6097.251781743195,2706.372470446499,1690.821188438603,6310.042563891706,7640.409093627503
2,3315,6327.6968422203845,2820.0007073040456,1768.134756883577,6556.008923875508,7934.815891734512
2,3380,6417.812300689866,2846.5907111330102,1780.995708347644,6638.040053608549,8038.085344925028
2,3445,6542.926052825875,2892.784983072312,1803.0800315836734,6756.278194016335,8183.5327335932925
2,3510,6436.738349857255,2858.482442788858,1785.9727700071671,6666.655457341097,8073.10683777603
2,3575,6877.548801505169,2768.527137248013,1732.4985859838969,6563.17250970252,7959.164330249899
2,3640,6711.800659059786,2981.6350707546235,1866.110458197133,6942.81789655983,8405.162284065811
2,3705,7047.832485077197,2824.031544195572,1764.5695350792919,6714.310270325121,8146.1994990107005
2,3770,6961.814195546974,3089.5520012334973,1929.4261829905931,7206.452147997429,8726.003587283656
2,3835,6725.021799372742,2829.1969692339585,1766.3032657189046,6668.990074263659,8092.545640300887
2,3900,7227.522026018371,3198.6963500314823,1996.4209874847838,7464.059444894543,9036.03861825447
2,3965,6875.823058950516,2915.0254822133957,1835.8394102708119,6833.410314318966,8283.919325493793
2,4030,6913.485682582251,2928.337900199493,1838.6527011241692,6870.830922656902,8329.15654653829
2,4095,7284.4188405043105,3174.6994897702075,1983.2183884675871,7442.750530843803,9032.01861225731
3,0,1.4625743169142942,3.477863714464515,4.779887876146889,3.5481825238282587,3.43922712967093
3,65,26.77160566240682,41.91382674009324,29.1348771097377,75.39637165321417,82.62646915248195
3,130,79.53050592549948,108.53688925304373,70.54977759872199,206.84749155889952,230.83130998439464
3,195,212.98185222253537,257.1931080403227,170.77584767566233,491.98123790480383,554.4079168616139
3,260,353.1028264653145,349.49318460422415,224.15872083547507,702.0743759238289,807.0711331574112
3,325,527.1737629315662,524.4799814109214,341.25739869526626,1039.209056945635,1189.0754236454156
3,390,538.1613413770486,529.4238781939185,345.6296652649844,1053.2366938259452,1207.8002704956668
3,455,778.3380833426104,648.125191966658,415.03901375067653,1330.91496278228,1549.515642124684
3,520,745.6013155339405,682.3455417963289,440.96389650709204,1370.9050562815867,1578.2539313169775
3,585,997.6154944824067,765.1528438165143,494.6950864508754,1586.615128055996,1851.972609136479
3,650,965.2892779577757,771.3068608473102,491.5225391957138,1598.090011653787,1864.6700552395928
3,715,1055.4494171493648,899.3835090307977,580.9697364068428,1829.3081772163878,2115.6333039427564
3,780,1179.7657779728902,907.021688247891,578.0388824057328,1888.3222140356884,2207.927819873184
3,845,1206.9193430815621,983.7003768285514,626.3347689421361,2026.5362850126294,2353.8593484012613
3,910,1489.0719946541224,1053.8447231932048,670.3964313648456,2223.5238608211307,2608.0122502488844
3,975,1377.6900546156337,1110.0703570203093,714.3621286653112,2279.345502868982,2647.0873483164473
3,1040,1578.2424008551518,1237.0302642627355,785.7900631202795,2566.2493847968803,2986.046939319924
3,1105,1595.7396558899645,1255.3456781809164,807.1206064237034,2587.4488677028394,3008.1760840870056
3,1170,1722.3346068426097,1338.9176983456416,858.4382483921866,2771.5995191592406,3226.0520024064626
3,1235,1933.9136323370437,1334.3709957670073,857.3942325698955,2813.5822591738042,3302.320978693124
3,1300,1881.6360370516452,1431.4147145035083,907.3022420917506,2992.271637950533,3490.660559761006
3,1365,1994.550571712367,1504.2770239008964,955.6030739607684,3146.6544133276852,3671.9286866595253
3,1430,2031.0435464274894,1534.4991138315168,977.0791765550073,3206.1048314260956,3741.5096742809683
3,1495,2198.8205885926636,1547.0722712743614,983.9067240634603,3273.2631260838393,3847.6155685060635
3,1560,2222.5953817626205,1671.443881399809,1067.1623684035055,3483.4570299526713,4062.7901116833077
3,1625,2380.803574078791,1771.2424709004465,1122.3128127790283,3712.3528723409977,4335.443645856392
3,1690,2414.763245244798,1791.3653097189035,1138.5003265817998,3756.710825365512,4389.176715630637
3,1755,2536.6545934208616,1890.0500167940252,1209.8139759852322,3936.9732751877023,4593.655777083385
3,1820,2619.4089398891624,1937.6666539320981,1234.121096938973,4052.919457675528,4733.475136788519
3,1885,2663.471273235272,1947.460240383772,1235.0387185167958,4100.214618886174,4796.98241146579
3,1950,2800.912394395521,2052.898287204631,1301.70609715004,4311.958657253546,5040.205664474723
3,2015,3038.3427142899286,1969.012075020031,1240.25559441019,4237.740903922641,4997.1779854229
3,2080,3022.9821987337045,2195.4724464412425,1387.6592823030628,4625.954090826982,5410.594822922802
3,2145,3058.300234278917,2235.187480759211,1429.0400832299736,4677.635647362473,5464.972772663473
3,2210,3173.122397633711,2315.0867703089198,1478.26189425204,4851.765481314483,5670.39194034925
3,2275,3237.858974963595,2359.618095777527,1505.5726223849374,4943.129384702983,5776.333046224277
3,2340,3336.523844789728,2428.8575947919203,1555.9736580672165,5083.266144552051,5941.949513835257
3,2405,3432.4676888663366,2489.092722312233,1587.6805598760268,5223.805488242953,6107.601067230109
3,2470,3475.0677738126988,2528.4750739617,1615.8539085858183,5290.161243415059,6180.582243424149
3,2535,3917.939032425623,2518.0916460928343,1598.5166763974894,5401.647489884772,6367.4977838377745
3,2600,3647.978065568019,2635.5827709324567,1674.9371155841598,5546.201822575898,6488.015761000353
3,2665,3794.3508458654105,2723.8839576190285,1727.9208441160797,5738.536234119907,6717.126567761471
3,2730,3799.92091423693,2740.873238062659,1745.2955481114423,5755.02820789625,6729.884073821181
3,2795,3958.021829419059,2867.4203661541565,1827.2265795324577,6002.822630591615,7014.58632900759
3,2860,4038.165761084113,2906.7533987516354,1851.0594733449545,6111.228498046172,7148.2396909367035
3,2925,4109.141303578657,2958.0548203310386,1883.0006224305014,6213.737272803111,7267.711561012212
3,2990,4258.566947094979,3056.9963534993435,1953.4680459678016,6420.415063316085,7509.85204397634
3,3055,4169.806440203505,2988.767629238078,1905.9181136647865,6286.431675263749,7356.0240287913775
3,3120,4432.268753915111,2970.7652519659214,1886.5688674087,6337.262935089671,7466.663010813344
3,3185,4491.066548257225,3228.08079530062,2065.5397647893033,6761.740794017192,7903.528246733657
3,3250,4563.829331011139,3262.518088341479,2075.718853425859,6865.976674336916,8034.369006917295
3,3315,4665.957403386568,3340.4633604193473,2133.3843023162876,7011.5037564391305,8200.951902583503
3,3380,4707.813830147945,3366.30288644893,2142.1668627210506,7077.7867037108,8278.757699633277
3,3445,1.150734907920804,2.7500826165072016,3.4939723429115905,2.282618635249807,1.9713743851773882
3,3510,4893.702554155477,3479.771447214683,2211.9095947491946,7337.946557446188,8591.350894641202
3,3575,5046.006362557061,3606.712863723485,2300.3076576726257,7564.830822947359,8844.836293775292
3,3640,5063.092198090032,3604.925951991128,2292.503094239226,7590.38307760884,8882.225551322574
3,3705,5192.049014849059,3713.8414157019324,2366.6756926871085,7789.28725771105,9105.83081645976
3,3770,5303.285654425914,3641.6703371341537,2313.3170276873752,7747.384803578291,9110.255274277471
3,3835,5348.559898795649,3529.019930083481,2229.419182973223,7569.629783455581,8926.467964998412
3,3900,5499.232326660859,3862.065151167951,2454.1620298434327,8155.166275691734,9550.97986176908
3,3965,5539.276573837816,3892.1200173886104,2473.8864731673325,8217.88623933208,9622.124578040524
3,4030,5459.337400283604,3823.695774828167,2423.244628643857,8094.7626005054035,9483.974036490094
3,4095,5620.18910643829,3942.2159458949873,2500.826427354866,8329.386385595912,9753.740727226916
4,0,1.7532146019362282,6.275956781004065,8.466189402480966,4.8827626793442125,4.154700402840247
4,65,6.945397564194676,82.23200683576911,67.66439939318484,87.61824225881112,70.72090912779872
4,130,19.804098985849482,299.5146825140817,233.18210133173764,337.2021628487575,276.1689560186299
4,195,31.521375483373006,465.9680578996533,361.27538959222665,533.1897978955691,441.77257128395723
4,260,58.133537274818735,770.8467852486392,587.6726605541969,908.0774326579481,763.9971871366754
4,325,83.07333533572793,1028.4182537125357,787.6783005157502,1220.4870597763372,1033.8870311909068
4,390,115.73761666561964,1334.6683562088986,1024.7353170034824,1599.8858701546812,1367.4633765839844
4,455,156.38297272946045,1669.1550350516218,1271.156235525772,2034.5072302863002,1755.5714118288247
4,520,158.8403660243924,1694.6285440952006,1287.308423467093,2069.026616630696,1786.4730417378719
4,585,196.8915936664504,2021.4541536284855,1520.63649556613,2500.258450245566,2172.9621248270537
4,650,246.0774116187178,2003.9535987021497,1499.141296132067,2576.109536432911,2298.6582860025346
4,715,244.14637961028146,2323.9575894617838,1749.49158955178,2903.902853559064,2543.2441403518355
4,780,305.2152483490735,2364.3692888944884,1764.9831763367729,3068.088735918331,2754.979169972042
4,845,297.28027656519635,2668.051404606545,2010.710611070783,3350.923118866956,2948.9309731926855
4,910,313.13976442055184,2823.9408378216294,2127.437673185362,3555.298814274918,3132.9346979173715
4,975,340.69709817584817,2968.672896292262,2228.597918774344,3756.8416765125294,3320.0471258762186
4,1040,369.9577433004391,3067.7897341149355,2294.3269327710714,3947.76497389922,3518.522227252933
4,1105,448.05964702259934,3142.5897111817794,2332.571733616784,4151.722325845031,3771.853055456869
4,1170,418.7030613132626,3473.192912148789,2602.8645168906555,4434.671974494493,3942.79590479397
4,1235,424.34880533696764,3537.7129770141755,2649.492938126433,4518.7950888745145,4018.1244230086413
4,1300,468.39977435912095,3776.18682543774,2825.867207389393,4843.730542021163,4319.495736883127
4,1365,552.1375549992654,3697.827269679417,2736.2871311675804,4923.5896030830345,4495.791281855961
4,1430,518.5635143885866,4082.427872635916,3059.082911548682,5249.813166420037,4692.106841321891
4,1495,525.3645258504916,4167.84024059119,3113.2377923548233,5367.214109576874,4797.703981873475
4,1560,557.2977049695389,4065.8436652056143,3010.815955478875,5369.555175227638,4868.194746169614
4,1625,572.6905308039366,4468.6325623713055,3331.9858296302305,5780.01172798049,5180.565104939525
4,1690,598.2686197166296,4607.13275493761,3441.0714813142035,5959.102391986956,5344.803626557651
4,1755,632.0766708745278,4803.130749101055,3587.9493070467356,6221.456306503708,5586.4895398449235
4,1820,750.2102185830757,4727.6567449140275,3491.3448282969607,6343.2237135064515,5824.9020722495425
4,1885,674.4823946231818,5102.655649917652,3800.948501060046,6629.233918093612,5961.955523672445
4,1950,692.8599164186952,5176.247450431398,3857.785027150157,6727.3782678960915,6052.20451965088
4,2015,727.701793648192,5393.76052632805,4022.3828479081994,7017.421220411758,6320.352421595963
4,2080,743.254904244682,5479.543739895199,4086.6283993149314,7130.700243369622,6422.6690390100575
4,2145,774.8914116426442,5663.125162242131,4221.883384528494,7378.626999400971,6650.985788611157
4,2210,790.396390281056,5764.171215978558,4300.806734934311,7512.951334455337,6775.634011705635
4,2275,938.1879959132974,5694.293433888957,4191.858260224492,7712.704567802124,7123.115856704847
4,2340,843.424697361366,6071.6894754745435,4524.899396360384,7928.805190158463,7159.330751681626
4,2405,857.1877620876937,6188.330341978406,4610.663110823414,8074.191395466647,7287.08820141699
4,2470,888.1828843704675,6182.778177085154,4580.261340648977,8188.302776296588,7440.973530806523
4,2535,1032.051071108145,6122.758092806518,4509.866299421555,8302.38487149544,7678.231090681877
4,2600,1096.6735301808071,6459.170561728257,4758.766985216043,8772.163875925808,8120.4410881297545
4,2665,944.9763206817724,6713.757349795733,4996.677075215709,8789.148091931762,7949.773364017212
4,2730,955.1585292085384,6797.320572225437,5054.885535607628,8893.286250827225,8041.116704076015
4,2795,991.7251212415689,7024.731840995083,5224.744384322201,9212.538577744928,8341.512111091315
4,2860,1009.7604843630057,7069.263881868227,5263.048818704817,9267.282270082796,8392.223162611059
4,2925,1045.6527439357537,7321.4068312935005,5446.32772370983,9605.115684010096,8700.929523303765
4,2990,1182.9723104173802,6999.088806228544,5141.662300007178,9532.417002385824,8837.425664421218
4,3055,1264.7745988463364,7311.623818985859,5376.566945831715,9958.594269028743,9237.235842134987
4,3120,1086.3937886709537,7560.477827420208,5618.993319925254,9920.44991322416,8988.466670897458
4,3185,1144.2153608749688,7387.491248608429,5462.690736991374,9912.789834592175,9096.538895108386
4,3250,1122.0107322620272,7756.635766403975,5769.24894387796,10169.013329812733,9212.231908404174
4,3315,1155.044569995063,7934.478168809741,5896.337258797357,10442.014328364347,9479.31545632947
4,3380,1165.099353903448,8026.525122950326,5963.552640323816,10557.788078000087,9582.034264582959
4,3445,1196.8809314315997,8199.147205778516,6091.573656422211,10794.364046101531,9802.249917854942
4,3510,1214.649075984605,8285.391455046009,6154.594879999377,10912.266287537534,9911.193285168963
4,3575,1436.942082168639,8132.1502972304515,5979.685536236623,11099.91744340442,10315.025349492844
4,3640,1260.7503991092103,8539.369732455185,6339.722384988996,11255.982430852533,10229.317712289132
4,3705,1269.7702195175393,8623.830041037518,6407.05702107266,11344.476326349117,10300.778769942986
4,3770,1301.8120118519964,8770.523610785034,6517.664826108288,11544.966794621398,10488.129401773513
4,3835,1318.3427991231626,8847.392749794017,6569.513029569535,11670.546304542275,10613.447904520202
4,3900,1367.9069252109664,9111.028115565248,6776.555005129898,12002.062035420298,10915.009878723513
4,3965,1417.1200513434173,8727.483064923867,6437.8524736974605,11780.730153999359,10856.315152377
4,4030,1416.631867677658,9409.501695527662,6998.915917975886,12386.309525927898,11261.538797071495
4,4095,1421.9994460198272,9418.60891377118,7001.71913522686,12425.879178874598,11310.013001258903
5,0,0.9142751124314449,3.1048434407898036,3.9219046724702378,2.366512591879759,1.8277434562113826
5,65,2.401367059397813,68.59776827917955,62.9212732180836,51.92018675014707,33.91938892782306
5,130,5.17148907738139,285.3288563491611,254.32476640865102,222.60312113708048,146.47654156005063
5,195,7.738227437740992,456.1589871745718,403.46201230752484,362.9756609824775,241.98068475685412
5,260,14.614201109432788,761.2072385355207,666.687811849742,620.6595737360983,419.2274637238451
5,325,22.62727363418536,954.1482251322539,819.2449049400169,821.6180942177751,573.9641390657397
5,390,29.50126335446863,1325.9063287758568,1145.8848577446945,1115.8214235209077,768.5016823970011
5,455,31.926441647482104,1574.7917606651583,1354.10092435583,1343.106256569337,932.0929046479375
5,520,47.747792185976486,1699.482241679334,1439.1192149455892,1518.3103285811133,1087.417755483628
5,585,44.90069288625282,1992.7786865778314,1704.258644241554,1728.6762645592908,1213.8258018153842
5,650,55.46707884178601,2047.2990148570657,1726.609870634101,1852.6524397628812,1337.443193794139
5,715,60.289678764821154,2228.566489145748,1888.6792927557913,1989.776296983582,1423.038183538795
5,780,72.91397790536806,2363.2407029033434,1992.8715960219854,2155.5797730845484,1567.3350117158425
5,845,71.18491855037692,2690.2330728311968,2287.5897825734637,2381.211102677582,1696.7564707737774
5,910,72.06666389032866,2763.118113449975,2345.285631883751,2449.787836645281,1747.0319170729142
5,975,92.2399394823483,2931.0220314196367,2450.2956871270917,2719.5747706619527,1996.3951129342975
5,1040,81.8994280696495,3112.534527066096,2633.2069307027027,2783.7090400305833,1995.2064608384849
5,1105,88.78345153572774,3269.771468104817,2765.2301067912395,2934.872322762302,2109.7614957805667
5,1170,95.96488633675261,3434.8774675551003,2903.424697120712,3090.1683136105607,2225.7285919213546
5,1235,105.94879585036425,3576.4618697245223,3021.698067331275,3228.522014011296,2330.5447602932772
5,1300,108.44760993964547,3786.1419516876454,3195.854628972453,3426.155310309628,2477.1809785756723
5,1365,130.9258164081676,3826.7093695460985,3180.9863725364376,3609.4122279836256,2678.9648377069975
5,1430,119.36465403622255,4096.46980274143,3447.901536155697,3725.9883900083714,2702.3310260359813
5,1495,148.0861525565655,4105.067796212098,3415.093913908305,3885.885091694567,2892.8332369652426
5,1560,131.4887259279401,4357.645690759845,3663.69786246156,3978.656703867257,2893.3420372052274
5,1625,133.64993158009946,4174.906727405314,3489.901828546146,3881.4399870604766,2852.657267758986
5,1690,145.93943284245594,4678.579674872524,3931.1708466033992,4288.706786969512,3128.8833567997926
5,1755,145.35907799609026,4736.687439484811,3976.6876655119154,4342.04116764184,3166.513143820588
5,1820,150.38773715864843,4926.278807374338,4129.374967304693,4530.268731671212,3309.5902195689864
5,1885,184.83637923723552,4955.430771858603,4099.726572275906,4743.886104426506,3556.827218759165
5,1950,189.75549548518242,5083.987626503377,4207.76010597128,4869.81791162309,3653.5033191151347
5,2015,189.456398376214,5213.4233197123585,4323.001255349283,4977.058432180539,3723.5630323664363
5,2080,175.88767190626973,5483.688907827781,4597.473552616645,5062.402669117565,3710.5651900629055
5,2145,192.44573759391187,5680.470987654315,4764.361570459609,5253.749372786007,3858.4670206800083
5,2210,185.6269102101172,5424.167921806795,4516.014694495487,5100.930359394266,3778.852197916569
5,2275,188.53850287695852,5903.18624112765,4935.622497720751,5472.898639658268,4020.3738970513314
5,2340,235.11166682551556,5915.449612950586,4888.38440011112,5703.962238962287,4299.900893877339
5,2405,201.42589144383257,6174.869832126857,5164.368836029529,5733.557461015346,4218.2916113402325
5,2470,210.9926486874474,6235.736939122149,5224.72517339609,5780.873706617126,4254.124088670992
5,2535,221.68992362753656,6485.247880362898,5424.831314423628,6032.5956010294185,4445.934668276303
5,2600,221.53975353049034,6579.5771857814825,5504.970935159378,6120.1753408438935,4511.150854785267
5,2665,225.92791716212068,6701.757080526101,5605.968980052749,6234.180690197626,4594.992583913684
5,2730,229.1516556924449,6853.493713840675,5732.608103909327,6377.512226227607,4700.96339385237
5,2795,275.45559926561947,6844.615485257014,5649.643711923651,6630.056372392954,5015.059327488154
5,2860,247.31378951099725,7139.214941936654,5966.194751612142,6661.59820337799,4920.502690254349
5,2925,252.47539293218784,6848.686523099292,5691.014435542164,6501.4561690419705,4848.596488485165
5,2990,256.6633590263233,7390.555888706822,6175.74417665544,6903.591863848378,5104.079383297937
5,3055,256.4771911961714,7056.647398991142,5861.96764750076,6703.123292126141,5002.208135405116
5,3120,271.4016638188832,7687.798600877153,6419.351707754531,7188.087215257849,5318.215224473685
5,3185,268.1526744372493,7727.052310531306,6454.067002271949,7222.345496842979,5341.660048410194
5,3250,322.8211080944354,7767.326963102571,6402.519537957072,7554.617372427017,5732.407318767559
5,3315,282.83466361132093,7971.497186051828,6663.898408508395,7450.958264356521,5514.456071118556
5,3380,289.8860446641009,8158.227935511914,6819.029680765639,7629.147355073844,5648.932752981009
5,3445,313.9066958957373,8054.814058151038,6647.120261531045,7804.86422427253,5900.663456868551
5,3510,317.6627127336229,8160.482595022179,6741.25960460006,7894.842908003534,5963.509583185441
5,3575,351.33251796854563,8348.320757546888,6881.730910722518,8130.953396407767,6179.346553560874
5,3640,311.11094098380033,8614.780172617235,7203.108822955429,8065.532718397666,5981.031417077601
5,3705,360.4881702055733,8562.59162106,7061.792234630153,8336.520675315925,6336.121465120939
5,3770,315.7114358715296,8189.0890097840975,6799.304758989854,7807.80643469624,5848.089922298082
5,3835,330.5609071602054,8991.18075645909,7500.389610694304,8452.242722163199,6281.177934074285
5,3900,344.0272445571874,9168.876332535887,7664.611230924727,8604.2454154511,6393.302355899184
5,3965,355.36379701661787,9445.829773426587,7882.774803393621,8895.569066353799,6622.158119870701
5,4030,363.75858539958494,9496.487026398221,7928.6270978258135,8944.63831968998,6662.059544060893
5,4095,348.4368929427142,9320.602048696044,7785.28951132877,8758.710454038162,6515.35239026164
6,0,0.36171804736050567,2.07682021660913,1.853695816844844,1.8926982753981478,1.3926476601308748
6,65,2.4202614872934323,64.41249163748566,75.6342940822246,40.70849887156654,26.4596626410053
6,130,12.885906796587696,300.93744066874876,345.8275561285906,200.02631137909927,134.75878047212072
6,195,16.80889907640611,516.4725407259137,599.4145238412177,332.3062741833817,218.70871905411903
6,260,18.89423565184533,875.0748395768165,1018.6044811791049,564.2884943396737,370.2675166755264
6,325,41.76073384623167,1347.406695457973,1575.633289706953,866.1246828866712,571.0104672594547
6,390,35.35997620693482,1665.887616310334,1943.4962814917887,1066.7832991915207,698.3918745977201
6,455,42.93444907907703,2190.575640187471,2553.829746481355,1399.7134259010325,912.6459821692835
6,520,67.16001607708917,2595.650609391618,3034.839892758033,1649.878702690858,1074.0891611345544
6,585,65.80665232705171,3006.029052568765,3507.5863345039893,1913.1880094034173,1244.606481132181
6,650,94.59254329389493,3412.6810494739148,3932.233829990447,2240.787669772865,1492.3703215967244
6,715,78.27211733913077,3722.7719914437507,4340.771221069029,2375.1064209694373,1547.3293153862276
6,780,92.27459753821941,4182.19835015895,4876.292036259685,2672.2174492346285,1743.769402007278
6,845,109.2362572776715,4443.102749656061,5185.9285206570885,2833.7874237802966,1849.7187470837166
6,910,113.66645321329582,4945.140168774584,5765.70905921369,3159.36238209821,2062.4341170798316
6,975,113.31078460631804,5150.538164694563,6005.305449227815,3287.7311243367003,2143.447498581182
6,1040,138.41583506477446,5700.454084757545,6582.305115596215,3710.6067856189748,2451.0613492854477
6,1105,157.3634100179943,5888.543420908408,6780.43226144136,3865.5019396397824,2573.537708878615
6,1170,150.64289756218702,6396.391250907555,7462.751996784215,4079.222702885243,2660.07697383237
6,1235,157.76515214159647,6571.413140358823,7585.414168347323,4280.86255884935,2827.9216441568083
6,1300,169.25581972569182,7074.4676304235845,8262.023586281182,4500.283916174422,2930.506794967094
6,1365,167.5681235460985,7213.263565670112,8422.425058206403,4598.618608048769,2997.7763331079377
6,1430,203.331938092696,7775.602541899709,9080.222962661815,4960.898707254158,3238.7443694774743
6,1495,198.2038366955706,7994.022731637804,9285.340147141937,5118.079063982511,3343.5910072877596
6,1560,190.97608402169567,8335.448317631353,9735.461630955644,5306.296592935627,3455.556284982307
6,1625,202.39672099034743,8799.271856453443,10280.182278335553,5602.237888184879,3649.962668992343
6,1690,227.45371104869446,9212.92467096193,10644.440990071298,5988.533958091109,3951.0933119645883
6,1755,211.59701891688138,9506.046471309417,11100.058310160723,6055.2212773220135,3945.585715037924
6,1820,235.19722156299514,9869.77824250691,11529.49391316187,6280.17592291145,4089.60153797258
6,1885,241.35500986781778,10290.236423018738,12020.952987791556,6547.698362325994,4262.508681144768
6,1950,240.28245745625006,10473.282740563925,12242.029925615754,6659.805913807289,4335.210944961851
6,2015,269.6578882077653,11100.455678999155,12839.236012466807,7199.5138420125095,4743.360661640364
6,2080,272.43069280471235,11135.447111889698,12941.407937110851,7118.002359100641,4644.282829220619
6,2145,257.6063093835241,11706.673452416213,13694.214077966359,7425.032227757768,4824.033229291507
6,2210,277.453418437262,11823.912477751663,13824.929555305678,7519.112849571084,4896.509807770018
6,2275,292.78723966852414,12299.834787205124,14299.67349653379,7851.989531971824,5116.176538196412
6,2340,333.3936368518573,12733.038524773181,14712.308607414605,8305.509381184833,5505.973588137113
6,2405,308.9905139155258,13111.812992202347,15322.661044134777,8335.439252300508,5425.632072765766
6,2470,316.9656936846719,13397.864916766957,15661.485088442092,8516.83800433213,5543.870225342675
6,2535,362.31889417699256,13857.300690815091,15999.397272425098,9045.115277855855,5999.247955064309
6,2600,324.34193028741004,13873.010254948249,16149.29757233043,8823.884037144033,5737.635096034711
6,2665,377.1424945712654,14582.387616651886,16846.59836753362,9509.573680615638,6303.235769261454
6,2730,340.6964564520789,14761.531673805815,17269.675068824523,9369.280338414532,6092.382207376464
6,2795,346.59411100765107,15069.38079581439,17620.07907724849,9571.292932222068,6226.233347862582
6,2860,370.1347707483184,15535.420870400565,18166.984913197008,9865.32393428649,6417.738300737874
6,2925,375.33103580162566,15726.003636904978,18312.01392562213,10000.641504106878,6505.152390221374
6,2990,382.7570986356461,16262.98862157623,19020.61736871635,10333.158192927656,6726.646499565841
6,3055,381.9029742967287,16278.043088758548,18957.090347512923,10354.988666975885,6731.254111114983
6,3120,377.43605873794326,16853.99724846994,19726.496347245775,10674.898966393977,6930.526330977566
6,3185,401.4152758347328,17059.801441736126,19968.868072861307,10810.563656878126,7023.619882900225
6,3250,425.11377713683754,17561.11555363934,20559.488008525102,11123.95789917372,7224.870379577034
6,3315,411.29557869385985,17901.031986251575,20956.027339796245,11341.211868379087,7364.472016394588
6,3380,418.4824678483006,18197.026975370027,21299.692024406155,11533.50868403534,7491.507893134087
6,3445,430.9376411181915,18586.38010279189,21755.25345445209,11775.28383464562,7646.395029218064
6,3510,440.2647937918155,18956.506523035023,22194.732744637327,12001.864603475618,7791.9264440214365
6,3575,452.8559053085274,19321.479763075753,22624.010365280716,12238.540508743032,7949.759059039198
6,3640,442.58472199829663,19448.262610890775,22775.26748560298,12317.800239785143,7999.358890367694
6,3705,478.2483337517823,20073.28441946149,23239.859658462505,12997.921702890188,8559.317029602018
6,3770,472.39719672873593,20113.543354558584,23554.855523181563,12737.929139890126,8273.17200797356
6,3835,459.5288936522608,20650.739058110274,24191.13585729099,13062.709752623294,8473.211461469095
6,3900,466.1025138043419,21005.75065964693,24605.573356832883,13293.303743949944,8626.482301746943
6,3965,539.4389589031938,22007.759723318417,25491.241276817786,14241.202171192526,9375.543525818866
6,4030,558.5632541297954,22001.316780340876,25481.780109409425,14268.948531315214,9424.138124181243
6,4095,494.07955143879576,21839.084970431126,25604.190493305137,13791.81607816518,8939.967871641302
7,0,1.3617119874115247,5.611906480317226,6.4321146557611435,4.489153068036053,3.573527197693698
7,65,1.7709039060365663,16.118232514533172,26.076320496045057,7.476534296460584,5.032193274777019
7,130,0.9754867297791916,91.87662760123654,173.642969869243,23.785466620532652,8.491434819216543
7,195,2.8028390141694124,197.14129033315766,375.27175069552857,50.64728879357759,18.59429526912052
7,260,4.691865885803905,322.7070761115908,608.4612739095274,86.90612368743277,34.38746428176793
7,325,10.340543742999644,515.1818933524562,967.5633484382206,142.07884276356785,58.31071014317079
7,390,7.676836680030085,720.8553550729113,1372.8290929658747,184.76071675774898,67.11345423554651
7,455,6.601645807024824,869.6060390606532,1649.0590422863447,218.6402864935843,75.44930379124578
7,520,5.727281832305453,1188.2740268298428,2195.4278439502737,311.03434964817694,109.6619732531222
7,585,9.379662050256009,1399.2470183763626,2656.951966582472,357.7151888872586,127.12747271651995
7,650,12.149777438965135,1548.2178542573736,2938.992306724133,395.34615421504486,140.21296369294464
7,715,8.92337232961236,1879.3225158329785,3561.7326662877545,481.92086836885255,170.94732770095322
7,780,17.800367069961982,2166.4984106902357,4113.486526136513,551.6816205302109,194.55004031581544
7,845,19.166882970603744,2386.2348093387577,4524.374594221564,611.1572206303283,217.1812188366417
7,910,24.52105884457108,2861.520559912908,5261.994446630785,766.8924284185027,282.0802090499801
7,975,22.999676648228757,2878.4170153673977,5445.810699531283,744.9449314087246,269.8143801986933
7,1040,26.20690072065283,3228.0265773764227,6109.629216206504,830.9367495187946,297.67677451367075
7,1105,26.425870642066116,3410.2639856594233,6466.310006073861,872.7579447964952,310.54150984664795
7,1170,28.858124871327043,3680.321446230413,6968.476982356131,945.252739134449,337.51679696990647
7,1235,35.123384190694864,3932.146277549732,7442.278835861723,1014.1784962650255,365.75849497911463
7,1300,30.820441752511975,4176.014884250458,7904.093184952129,1072.6550974850015,381.9520483724657
7,1365,35.99977835286459,4453.348229942018,8420.561805580026,1149.0055153566052,412.3031058777445
7,1430,37.31602150202104,4665.09059349504,8824.843841300291,1201.602777710747,430.49017018447915
7,1495,42.15051923100904,4985.794803903712,9415.287414105705,1292.7665085190845,468.24822820068766
7,1560,44.849536494470556,5142.528199617643,9719.343711929867,1331.1860592834194,480.98971551140625
7,1625,42.7928413007721,5458.9388538914745,10305.441529979144,1417.301923713868,513.5053995303557
7,1690,44.594197491705664,5601.930736415774,10589.09169943115,1444.5348238458234,517.239953706365
7,1755,54.14885330845379,6297.392376449536,11549.76755236217,1699.6062357475967,630.3446557146517
7,1820,48.22346851069053,6095.111496630421,11515.342572157757,1575.2821312927258,566.2786640064311
7,1885,58.27311565901651,6398.223733762404,12071.512767133863,1662.871197491207,603.3885981889842
7,1950,48.59187637597122,6582.850062383479,12429.441788167727,1698.5992199407224,606.3380170975523
7,2015,46.04852935421508,6846.36168593633,12926.025026413015,1764.549358458658,627.588597221143
7,2080,58.44938947352935,7453.004668158374,13670.18648240498,2005.1403607860102,737.6981429445648
7,2145,54.81357100698303,7375.157651789265,13919.535743292532,1907.0865847606747,682.9065763561548
7,2210,58.262116608806664,7586.8069217195625,14323.756849954463,1961.7709713347924,703.8565430483919
7,2275,65.3520617297733,7860.422498366093,14828.772185510636,2039.330172136372,736.1212951821881
7,2340,66.54355399211859,7865.637063273518,14821.841150261878,2043.60286364156,738.0154910501521
7,2405,69.25107203380807,8294.140230083416,15620.52087821022,2160.8950177601732,784.0896030346087
7,2470,65.54420451370046,8385.008579963702,15810.95311565834,2174.6230231849404,782.4781819597137
7,2535,76.73315989444359,9203.916544807038,16841.16359507079,2491.654964814798,923.4015599212717
7,2600,75.26932049231718,9333.800903657633,17088.62298494452,2526.9925271137377,937.8266562689505
7,2665,77.69799000268411,9057.992897068385,17048.924347624845,2362.2491133496874,856.5325249036822
7,2730,72.78383641453274,10007.576328781255,18322.521289984867,2702.581173258273,995.2244778193311
7,2795,86.43766575913327,9531.711182068166,17932.208555509897,2496.5588967910817,913.5495712838439
7,2860,79.80551126391698,9798.128958389989,18443.114718797275,2553.336826498846,923.5732382007819
7,2925,77.73563843565987,9975.637960256445,18785.889498802113,2595.696214321084,937.2050730390231
7,2990,86.73196634070906,10242.435192142551,19270.336844920676,2674.554966422445,971.4631164346031
7,3055,87.52533086633342,10424.838793846335,19607.770250984642,2723.0137166094523,988.6263029117322
7,3120,86.9830965377639,10612.048770917887,19927.149200545828,2780.588988892411,1010.9562510447766
7,3185,93.60998134178236,10889.984863718557,20472.77368429989,2849.5163077069074,1037.0236713560216
7,3250,87.88659345907048,11134.178440430023,20933.390940918136,2910.219178081426,1054.8742894209995
7,3315,101.41876053178203,11374.183580861052,21372.185966359564,2984.320652403496,1091.5077908785388
7,3380,95.5342875207947,11463.86178843945,21506.775927845076,3009.2542750618773,1095.1536287859885
7,3445,92.7385642871687,11685.32532317783,21919.60861856907,3069.3320605917997,1118.7868549338762
7,3510,100.37677051028146,12577.199530048689,22964.18662528933,3421.0981687827543,1272.0411550505828
7,3575,88.86668770380173,12166.987253538819,22869.776397068494,3176.0092324154275,1148.0702242568955
7,3640,101.87119374164244,12326.448231530332,23119.810055582646,3238.5675167988675,1180.3417800195984
7,3705,103.93292498498751,12631.835200695097,23719.029166216522,3306.8803653675827,1199.2787928585612
7,3770,107.05222019848475,12791.40797863863,24002.63095385977,3365.116486275365,1232.6876824757624
7,3835,104.16837313857161,13101.708918206396,24579.26485215117,3440.112125194034,1252.6633951680117
7,3900,106.72708732788952,13376.209420582243,25089.88187315161,3509.916622164036,1274.7468349386793
7,3965,125.46045459689137,13977.729671408271,26170.839522910894,3698.36185259682,1362.7090977243215
7,4030,115.97988284385337,14375.5619213893,26881.28415601005,3807.269184892283,1399.7025697009415
7,4095,138.52032396801062,14570.911050634171,27278.342166971976,3858.0126186254715,1425.4257488162807
8,0,0.278963403373986,1.3899467304113655,2.5557146382510902,0.8051495866702012,0.5929238995872754
8,65,2.028986675007395,11.258360112180883,46.59316101765323,3.3573950407423347,2.6205338559275817
8,130,4.3754364192658,39.30149625521137,168.58544169954035,9.347815025137328,6.60801298924226
8,195,1.4468431343378794,68.18761732229886,359.3458090476222,7.333706451524092,3.2725640603682593
8,260,8.944789436839896,130.83290937384405,598.6992991836877,25.32199156680242,16.467089333810367
8,325,3.6428315327406584,118.869946072521,609.2060543884669,13.746985824845225,5.605773814881061
8,390,1.484491863331254,119.78744307688912,615.9276467755095,14.360305034093486,6.479739531422259
8,455,3.1600213846533243,147.73207991443735,773.2459179727659,15.5497934934592,6.239782653873841
8,520,7.629353567806359,159.6215280049327,792.4952360448478,23.459722490776173,12.21394627610563
8,585,5.139687297689827,188.42357933531153,962.0516253208053,21.688409975289133,8.89964612733433
8,650,2.836227228065416,189.13099649255625,962.8699439251039,21.859924954687287,8.479097334971843
8,715,4.675499469951705,212.87323329342487,1103.1885260165116,21.30819988926352,7.09633204826063
8,780,2.2000714075377052,234.45908880832525,1179.0818392808228,21.592532323545196,5.855594110239919
8,845,1.3187381172510342,217.15594979423042,1127.0465381181975,21.326042814474935,6.092733764384661
8,910,0.36813055492829466,245.99683184687316,1292.327009732327,20.860806690005308,4.238716171747647
8,975,0.7504314164885415,281.60507040624844,1377.3437982670662,30.791542953645855,9.385837547595132
8,1040,0.00912856094198678,274.31998554597027,1455.9674015871155,22.240918031647727,3.566257273457718
8,1105,4.751119080164078,281.19303301582687,1455.009280797168,30.042671048591636,10.831113468422144
8,1170,0.7079106230595351,294.7471325148025,1536.2443751027072,28.058711102182002,7.252426408452736
8,1235,7.9666032565513945,354.3955795179625,1740.1652887860928,42.201245630572146,17.468149275809612
8,1300,1.4985180344952584,316.5353230103429,1645.6345140860465,31.22916265982381,8.689043416023292
8,1365,4.132253345845173,341.00436121707014,1791.945930465918,34.79203084154519,12.53211750786289
8,1430,2.97058077894233,350.59770085580095,1821.7198281825015,35.59812532634446,11.090319702617851
8,1495,4.123748867293343,363.4321759218793,1904.8597809448056,35.39033667137072,10.526865212618914
8,1560,1.6118613771977102,373.2635302087202,1967.9689052689153,35.693820334349184,10.024645394352781
8,1625,1.8154342464692306,406.39964143794447,2073.0337807415895,34.6226862513736,6.917385686139523
8,1690,2.351972667410307,405.7956776289187,2133.850250799094,37.88311920044218,9.681330261281222
8,1755,1.285197248915954,404.7006723948195,2142.8000881978473,37.38797641216796,9.971762445759358
8,1820,3.5785960011477695,468.9183582436108,2380.120885796921,40.63866309642767,8.530379749357005
8,1885,5.224383181075323,439.7137421023576,2317.0504197789573,42.595289995027464,13.325250391724369
8,1950,0.8462636254185723,448.21832323346905,2336.761524547582,43.903205595828645,11.47081947525851
8,2015,0.5749856800605864,465.43803398513865,2468.457065129091,38.757694101194886,6.498978997567527
8,2080,0.9615640800202683,465.6773128116506,2483.0471583105277,38.71517789939101,6.77593264805888
8,2145,5.728569784661534,492.5196354523813,2609.8822638366787,43.98283768597173,10.81589039375671
8,2210,2.25385332717166,492.36863205711245,2626.4691850194395,43.733231616014024,9.909390564281617
8,2275,1.1330251287318924,496.73751548615263,2650.1631595724975,42.10528145619608,8.194657381145278
8,2340,1.6908317666747408,566.6471261798343,2887.6495235520924,50.20169918984488,11.038169054721614
8,2405,3.514163835386473,579.9344796834555,2930.2394573146858,56.00029496009196,16.381739342369702
8,2470,1.687106103057371,543.4593823000665,2921.300904399399,44.52748392449376,8.079033760960636
8,2535,2.616457108077558,555.2352548380355,2937.1687002536933,50.6258013815587,11.614230392976397
8,2600,0.02272999940176938,537.0308118582144,2898.9918175089647,43.17295898455015,6.896279642958032
8,2665,2.8206811351894627,571.181917006951,3037.562581295545,55.42126591705627,15.695090558846202
8,2730,7.062334904509197,576.9350084709529,3066.1627136741395,55.468157731884396,16.15592107643378
8,2795,2.9065544784537964,579.0945167389142,3140.121952689181,47.43770937025738,9.497954569879562
8,2860,4.807289177788244,604.4607705858652,3237.3645451780517,55.440826332530065,15.37532171413964
8,2925,0.5873873980123355,673.9743813869165,3434.5640889535052,58.11227610316751,10.265125565355012
8,2990,3.3334727289937267,700.0928190352803,3546.7275464566173,67.88136190070526,17.94891460765788
8,3055,0.9984810683749444,628.5214912628132,3401.970888757687,50.99550910539967,8.905361679867722
8,3120,0.3653861735782245,626.8311748241367,3418.6181392660933,49.832765140705924,8.515874147960677
8,3185,4.444931776906376,651.5012477151621,3528.7045224185736,54.98728171264169,12.380357074886259
8,3250,0.5372799982553285,725.34157072615,3737.983295897364,61.658095840019946,11.271301458142224
8,3315,6.751765146051008,685.6046294162321,3655.9839831515774,63.7223190308995,15.794649232793653
8,3380,2.9241743152201876,683.7158667019978,3692.6452508013685,60.00746489448996,14.446279713951883
8,3445,1.6818687247806954,777.4622110577117,3980.2755855233904,69.40256514079677,14.383313695207457
8,3510,2.322361916837289,703.0553478196443,3811.9386179710623,59.25795377839729,12.783082934786968
8,3575,2.2878528360390322,729.1641750836183,3913.2723612767168,63.956053374870756,13.637288230234818
8,3640,3.5843002178161156,820.0188891425817,4190.9542193288535,78.93463038902279,20.690709688845697
8,3705,5.673818020576022,845.2876080116969,4265.545164823889,90.27915261904805,29.729636575950124
8,3770,2.1389212138689264,735.2268045412845,4000.5817273045022,61.74138240706724,12.45709310818883
8,3835,12.110508056045717,837.7132315006412,4294.57872800652,82.99953717742204,25.916449154583947
8,3900,8.63136731314034,759.163463417899,4078.564180250711,74.47056878090122,24.147526917010403
8,3965,8.500436630976196,862.7105785497386,4367.507255446241,92.08400161384162,30.88450983010917
8,4030,7.6561280093669986,763.7102628279779,4092.148315261828,73.79756786673217,21.05084276223536
8,4095,2.185221486424402,755.5875858675272,4091.8624313503296,65.24618398734471,12.978357670654583
9,0,2.3919912052352497,6.220188023745746,8.80751037513389,4.794842227747413,4.165795221875604
9,65,0.00096086842301583,3.5539755181017547,20.300087908247,0.5974852955586606,0.19916841779514668
9,130,3.0201752267742616,15.798770002155345,60.343387814928384,8.651084340107634,7.232216208158789
9,195,2.6547005269703314,16.670619821862516,119.72293269457289,4.073434570705688,3.056778912558417
9,260,0.7727968405358348,24.059114886022865,176.2344110221325,4.813414013868039,3.0466255838817022
9,325,4.914165832749576,34.97869601193176,239.74105290430427,10.41865826975843,8.872012918537477
9,390,3.96592553194633,34.2746142894655,262.7416647390981,7.404205920236834,6.02950415254396
9,455,1.72748210259859,42.579310422038304,319.8569118166578,7.513491544279744,4.53495730301608
9,520,1.8645950805369251,39.65797126354206,321.2216824737567,5.371187395250448,3.6112773014376343
9,585,1.0538889250415742,44.80872666358329,390.85606292072345,3.886795923929751,1.548881213737504
9,650,3.624844346760269,52.8298449794929,397.36397532147544,10.484073457456388,7.450459498732179
9,715,3.6383130451688093,62.62571392608029,498.7012240381964,7.332772950592994,3.8362443011153378
9,780,6.366449175844962,64.02118289664689,484.3653833761663,14.5027113608016,11.017242006230344
9,845,0.4533180464743847,73.74090522965045,571.7750023978649,7.201565141537912,2.294149777047595
9,910,1.2071354067306712,77.106556701902,594.1940963902002,11.255033163229566,6.3693819980721695
9,975,2.142785100710271,68.54218699989126,584.3372707335548,7.272829320836289,4.215632996927609
9,1040,2.686133349677295,88.8962159802407,678.4913103494464,15.160728397152676,9.886690879116095
9,1105,0.00637810192925771,74.14132525748863,637.0418523532944,5.320285907906626,1.1197854002404244
9,1170,9.786881706026065,93.65554456113816,730.115147086862,14.505650320293592,9.379192983731734
9,1235,0.6772327461259955,85.31958988385578,717.579810256853,8.07460038688445,3.123632052460581
9,1300,0.00592870673285011,91.07020170468016,783.6336309467089,6.397674539848612,1.2544980399232648
9,1365,0.6375996435894835,91.63747897901685,796.0603708132916,6.442697582144206,1.669657584464949
9,1430,3.2389532610822007,101.76185971569238,845.8241236746334,11.78029703899814,6.699272670502934
9,1495,0.7265744978967131,105.51694470599341,879.7088435922253,9.663908489030932,3.2241139488776116
9,1560,1.4262999160805296,108.94020407888013,897.2440921851031,11.125975940820128,4.973888883239282
9,1625,2.8867555427891314,120.29207902959591,973.0790015794958,14.274069842934134,7.052614729220992
9,1690,3.7362616999687623,114.69961946019225,959.6494613826316,11.416381219035003,4.88871571293975
9,1755,1.1986122772841437,123.87551246999024,1037.3885588468954,11.137246257537722,3.883439832401321
9,1820,0.033016174188479894,118.05179703599434,1020.9352182944776,8.256976124461808,1.8323170714328336
9,1885,4.498946603020398,146.34330798377536,1168.72404017263,14.430631336862755,5.863828770828691
9,1950,0.00073003236993322,124.5395356905636,1089.9747382941775,7.591293330087495,1.0437436939056894
9,2015,1.3516406681360928,148.8784098289064,1224.8348009119472,13.449929106997184,5.112813950363008
9,2080,0.7099242224109701,135.4695409627653,1191.4320943101382,8.789120248805096,1.987475156212985
9,2145,1.380309200251413,144.4175201423687,1203.1700718186135,17.42230190746747,9.682894832351597
9,2210,1.9209485027922173,147.41581820887922,1246.5899039467852,12.31962342696682,3.70070762064456
9,2275,1.1807957320970524,148.3431495013457,1278.645070125468,10.80909934286819,2.7946386044357414
9,2340,0.8508282588448696,151.79027520761747,1328.4693759521774,9.356455746050967,1.4822928112741907
9,2405,5.11395586590754,165.4042646275956,1370.4579802023584,18.19808362456608,9.163363368608573
9,2470,4.58577086437111,164.69925400920138,1395.2192645178843,15.280466524991166,6.483158345012531
9,2535,3.3798037743005853,170.6013444128897,1434.3929624318214,17.013549878788925,7.553736967252064
9,2600,4.4675163414543055,177.87841458137498,1435.291386027243,24.16114792281034,14.320994218971189
9,2665,1.1333964795557179,168.51253192768738,1460.985193302194,11.612329181998694,2.7665783914717554
9,2730,2.548369452196617,210.28722705099094,1682.5743899605015,24.574826666275648,11.697810254312017
9,2795,0.01890436004020534,202.21685858163457,1650.8986508828596,15.160209495743839,3.202464058193876
9,2860,2.3306275000464725,185.79118837364163,1556.7714216389036,16.027747227553814,5.252654128073302
9,2925,0.722837210572975,176.713362411096,1556.4599771470478,10.74337930570806,1.6321136187006484
9,2990,0.15327118032384413,186.78873836833392,1605.6118136294504,13.062002544972334,2.907943597280769
9,3055,0.9508355827945064,192.52088608718248,1651.9293680395292,14.00604146858476,3.314084096958081
9,3120,6.199371307013016,212.31913749436657,1718.9550581792116,25.506063953940796,12.812688526086493
9,3185,6.0937042512017054,209.03765240053428,1725.6959319097157,23.104631720504496,11.112098977613282
9,3250,0.6624478384108428,210.19142316683482,1771.1285134776535,17.698136228347906,5.04645388432045
9,3315,0.7554235731040871,209.34924210771894,1777.7776093340608,16.49892809477524,4.488130515503458
9,3380,0.011385243381261503,229.96790919372128,1932.6618280713417,15.31248800979105,2.694027107512806
9,3445,9.31850903458582,229.56068723071806,1858.405182239609,31.239023576327956,18.27673162295102
9,3510,2.2173718000836216,215.62722520609293,1865.2010767600266,16.770607632265072,5.471074344945811
9,3575,0.18177154907360799,220.29130369248762,1904.6000729178754,16.3483324304091,4.3608700953190365
9,3640,0.08215029413249587,225.64929945406854,1928.3346733749956,16.24251992798531,3.4042642496806237
9,3705,1.4492389418362708,255.7069125816433,2111.8449801599395,18.957207838050994,4.658047541796033
9,3770,0.0010127154165416,230.91296466594645,2025.6212384180185,13.860320303106489,1.83827599754611
9,3835,4.206014587469756,241.42143839235152,2047.2816056572576,19.160739205721672,5.747265649978707
9,3900,6.547318884428941,262.215547590461,2107.4580465992467,34.10728222760949,19.64663482246984
9,3965,3.4042378591725777,240.66597346700593,2088.35643116462,18.81038640503307,6.995877812085768
9,4030,0.3545061545095021,273.93625234070305,2261.730692905841,21.434477934677112,6.006381778578713
9,4095,1.6035544273679028,284.95098438515595,2288.385308646529,24.404602222247778,7.884275296059684
