380,385,390,395,400,405,410,415,420,425,430,435,440,445,450,455,460,465,470,475,480,485,490,495,500,505,510,515,520,525,530,535,540,545,550,555,560,565,570,575,580,585,590,595,600,605,610,615,620,625,630,635,640,645,650,655,660,665,670,675,680,685,690,695,700,705,710,715,720,725,730,735,740,745,750,755,760,765,770,775,780
0.0,0.0,0.0,0.0,0.0,0.0,0.0,0.0,76.58430900424719,164.8386079519987,272.21872375160456,365.4570809043944,692.054716128856,1036.967752236873,1154.4780676402152,1230.7382102571428,1627.1126603521407,1982.5205832496285,2095.8572564162314,1962.9895584136248,1641.5785853862762,1285.4412881173193,1000.9042416475713,852.6386402472854,888.9047548286617,980.1575928591192,1120.0353889875114,1193.7022005058825,1262.3039122223854,1310.7262663282454,1332.2833310849965,1356.514768537134,1420.9023172184825,1491.6921520493925,1639.3094206750393,1747.9051604270935,1947.4700926207006,2091.4810101874173,2307.2137409485877,2443.930914800614,2581.701629411429,2631.9068986475468,2653.0587554201484,2655.53052412346,2557.7133167497814,2460.6660045459867,2361.0658820420504,2236.788593303412,2168.1463607884943,2128.922227922827,2217.460172459483,2423.6299947947264,2404.0179283618927,1981.5886048860848,1877.5311945565045,2047.3133399151266,2327.068932171911,1644.6176452673972,971.8103083856404,691.3658625558019,523.9339235052466,443.2975346595049,372.34561663493514,317.318372387439,293.37058052420616,253.4170732870698,216.13793874531984,202.56347127631307,162.32631845027208,171.72714368253946,0.0,0.0,0.0,0.0,0.0,0.0,0.0,0.0,0.0,0.0,0.0
0.0,0.0,0.0,0.0,0.0,0.0,0.0,0.0,150.25439774617553,369.82207372784615,707.1996342390776,1001.8094273284078,1913.3754621259868,2789.150434266776,2883.0807032994926,2729.649919643998,2929.4786260463297,3142.6935302093625,2943.6589202843606,2436.2312712706625,1773.557760939002,1359.8334962502122,1071.633196156472,965.1675470173359,1091.6557716205716,1281.8985991179943,1588.8736087828875,1788.5888728313148,1919.2177433520555,1878.9457077160478,1795.111808180809,1632.265309151262,1435.7264310121536,1402.828148379922,1397.2127518616617,1425.6300615146756,1597.7788335643709,1712.7526592463255,1917.6862715743482,2078.150481171906,2205.262638721615,2277.809024043381,2339.5216645672917,2339.9187128059566,2287.6785088330507,2228.121273033321,2144.23065232113,2067.4868999049067,2014.339157100767,2026.5342101454735,2172.4777984432876,2454.0984420105815,2525.2835190854967,2256.198255624622,2454.835817310959,3066.2333836779,3717.222331557423,2815.9795509651303,1584.1657510958612,968.5140964575112,628.2437559217215,460.1789086125791,359.55554069951177,294.72323544323444,282.6416247524321,218.37653126567602,187.57693218067288,171.58156028017402,155.35930367186666,139.02360470965505,0.0,0.0,0.0,0.0,0.0,0.0,0.0,0.0,0.0,0.0,0.0
0.0,0.0,0.0,0.0,0.0,0.0,0.0,0.0,1058.145835801959,1837.1046272665262,2250.472228139639,1908.667590752244,2084.8303971737623,2631.2603832781315,2567.4737929552794,2347.651479691267,2522.289507061243,2782.0102055072784,2696.2159708738327,2338.604457318783,1806.3040904253721,1358.1207012087107,1018.450754493475,808.8444608747959,814.1811875551939,896.2651264965534,1071.9196732342243,1181.2971571981907,1265.3124829381704,1243.7114463746548,1164.1688058525324,1054.994625762105,916.5955138504505,862.7199873626232,851.7415781915188,866.9385427385569,952.4786475300789,1034.1051527559757,1144.6516339927912,1239.899498745799,1334.4866259098053,1365.8970743715763,1407.3202386051416,1421.3990318477154,1389.8869314491749,1367.8284611701965,1331.2337639331818,1302.5679177641869,1308.0062963813543,1362.390082553029,1530.725689843297,1803.6103141009808,1885.7959049791098,1773.2672109752893,2028.769354045391,2679.6467051804066,3330.8798380941153,2487.9819784015417,1373.7242735028267,753.0375475883484,464.3968731313944,310.80079667270184,240.3560044914484,189.6825140118599,158.62784732878208,146.2771370112896,105.92131811380386,128.18309226632118,72.37617897987366,95.70529846847057,0.0,0.0,0.0,0.0,0.0,0.0,0.0,0.0,0.0,0.0,0.0
0.0,0.0,0.0,0.0,0.0,0.0,0.0,0.0,1437.6680255681276,2537.1089904010296,3142.8622872009873,2608.0128325149417,2580.605477653444,3096.523555740714,2916.2440659850836,2558.5780850425363,2499.4492546468973,2598.318749591708,2439.6098631992936,2108.285395540297,1755.0350439921021,1533.7967850267887,1457.6652437448502,1683.3698864653707,2015.1511433720589,2352.769151777029,2716.424147300422,2881.731100603938,2984.8639618605375,2918.0204686149955,2801.6407191753387,2629.1774009913206,2436.158566661179,2398.904865793884,2405.2999152615666,2445.5988777801394,2631.816627755761,2768.244349732995,2967.9120053350925,3133.929519690573,3281.7262184992433,3326.1870386078954,3302.484752088785,3264.1652096435428,3135.046115629375,2958.370185494423,2782.8108512982726,2543.9100747555494,2361.4989018440247,2170.256470143795,2049.7656174749136,2103.15920509398,2099.09885622561,1941.0497765243053,2196.3442116230726,2649.732917137444,3096.777327544987,2191.26877553761,1252.3638540878892,870.944832265377,658.5378320887685,558.1964606791735,442.7302897349,396.3408039137721,354.4177018478513,324.52338330447674,279.9610544741154,256.5632941201329,188.6032049357891,218.44676911830902,0.0,0.0,0.0,0.0,0.0,0.0,0.0,0.0,0.0,0.0,0.0
0.0,0.0,0.0,0.0,0.0,0.0,0.0,0.0,1280.6658285968006,2191.084974691272,2540.745166260749,1869.9977469965816,1414.5361735895276,1487.4224315062165,1350.0240814760327,1268.0270413197577,1492.7338237054646,1719.6116861142218,1745.121876385063,1574.6533252894878,1364.2524094842374,1193.0860112383962,1105.4674245938659,1237.360535994172,1447.3737589381635,1647.3069674894214,1846.6974060349166,1904.8125659376383,1927.76398332417,1866.1208183839917,1779.820387467742,1658.3949833214283,1519.4458618462086,1464.2383984029293,1421.9798765257,1413.1404792889953,1423.530647970736,1456.2131561748683,1514.5609317943454,1554.1056036427617,1580.0810253471136,1585.0822632573545,1569.264394517988,1555.152374368161,1491.9972072690725,1449.6999161057174,1399.0672284252942,1357.5065536983311,1360.8407123051584,1419.1109493523836,1588.0674982890487,1864.6475855112076,1907.1387231051922,1631.1014058887959,1577.987483896315,1792.4591747447848,2112.2282467111945,1510.141233175993,835.2842695824802,511.94842329248786,354.5063523352146,279.1776293925941,227.0717088393867,197.83966710045934,166.94054605811834,140.49989292025566,124.17802346125245,122.27832844108343,106.11153612658381,109.09677115827799,0.0,0.0,0.0,0.0,0.0,0.0,0.0,0.0,0.0,0.0,0.0
0.0,0.0,0.0,0.0,0.0,0.0,0.0,0.0,1004.4439031369984,1761.073051802814,2172.2989323735237,1912.4701511859894,2251.9682197086513,2906.2745137140155,2918.4412611089647,2770.098575297743,3022.851298376918,3336.183223966509,3237.7802000567317,2788.221429158002,2180.087686982006,1760.054913945496,1469.4783694669604,1419.640521351248,1572.5648275204003,1738.6231120489538,1931.0002601891756,2007.0042512379587,2028.5887738130987,1903.9177931845188,1747.1245631575584,1536.930002514273,1307.339915689081,1223.8526113890111,1151.1575683765113,1166.8368913792074,1254.9567229300737,1325.971838477999,1473.5000140033662,1563.4524936974049,1680.181999038905,1735.0087226554751,1772.6289164833724,1788.3591463789344,1781.7412503063679,1775.4797024838626,1764.025651589036,1806.8383484892547,1859.170634355396,2059.0310957469046,2435.487568490207,2998.5687104798853,3139.2753623612225,2587.139202337712,2174.640649445355,2028.3342393487692,2180.6476628035307,1423.1530969589949,787.326005063951,516.7049625888467,357.2645741328597,306.76493640989065,235.59710018336773,205.1038713566959,180.26130763813853,166.56735345721245,124.46735305711627,119.52938444912434,103.08645805343986,107.10810258984566,0.0,0.0,0.0,0.0,0.0,0.0,0.0,0.0,0.0,0.0,0.0
0.0,0.0,0.0,0.0,0.0,0.0,0.0,0.0,765.3779799304903,1278.2343311049044,1421.1895292066038,991.5304175764322,714.7759905084968,773.2521133869886,766.0494176670909,801.6966575011611,1102.9280420579016,1389.4488362036645,1511.7725838534534,1486.9904273934662,1445.117128547281,1338.2974886335433,1317.3608392104506,1528.9858058281243,1744.4562794826925,1905.4792566783726,1942.591451574117,1855.5487049929798,1764.7214911691844,1539.8508892022073,1363.9342022128403,1193.1448579393327,1020.7074392214417,963.268992844969,978.1016628444195,1031.2062838301063,1181.0589786805212,1301.7346518859267,1497.7334311790764,1632.1430580876768,1784.3152651190758,1848.1628898903728,1908.7754055671394,1936.7316313274205,1901.8779088184237,1879.5373441278934,1827.775598615408,1797.2557014971972,1795.3024280816317,1857.9292569682002,2086.523286383599,2446.2307938188314,2544.0775839798152,2332.7578163333237,2530.0994710996747,3220.5205837078393,4000.2429152838886,3086.1719965934753,1792.1283587813377,1052.9974903725088,637.1944120340049,440.8904337696731,324.9148247204721,267.2322191670537,224.93164176121354,192.70263040438294,158.27618645504117,154.55275900661945,101.08189925551414,122.50686703249812,0.0,0.0,0.0,0.0,0.0,0.0,0.0,0.0,0.0,0.0,0.0
0.0,0.0,0.0,0.0,0.0,0.0,0.0,0.0,649.3255676031113,1074.2733988761902,1204.7409241199493,877.581845164299,764.4852333068848,938.895805478096,1010.8138625621796,1142.230392575264,1619.1259196996689,1942.7778071165085,1971.1241669654846,1763.2508614063263,1562.1443724632263,1499.9639295339584,1553.3145020008087,1913.1110928058624,2275.961003303528,2557.402809023857,2704.044676423073,2677.596326112747,2624.080709338188,2416.908842086792,2242.1681813001633,2047.7872478961945,1833.5597364902496,1740.1446583271027,1651.5983872413635,1626.8004800081253,1622.6743723154068,1643.923826932907,1701.441768169403,1730.613349556923,1758.8771872520447,1758.5058375597,1725.6620203256607,1696.531700015068,1610.2960492372513,1534.210623383522,1451.5646862983704,1362.3994990587234,1299.1050070524216,1248.2300992012024,1264.404441356659,1340.0772564411163,1304.2626416683197,1080.462560415268,1063.7930853366852,1186.0083951950073,1358.6447410583496,930.5610679388046,551.7018595933914,393.63067388534546,314.12057864665985,278.8836189508438,233.8677840232849,200.32252848148346,183.52927017211914,159.72162878513336,141.48423278331757,120.77117216587067,117.22271955013275,122.3390930891037,0.0,0.0,0.0,0.0,0.0,0.0,0.0,0.0,0.0,0.0,0.0
0.0,0.0,0.0,0.0,0.0,0.0,0.0,0.0,1380.2454801648855,2420.2455868571997,2964.4213050976396,2461.261292733252,2494.3034943565726,3046.64408095181,3002.0562451705337,2847.4978387355804,3180.8541045337915,3554.5881958678365,3484.676510579884,3021.5115955471992,2413.165115080774,1954.1464222595096,1647.32597861439,1631.1876060068607,1829.4408157467842,2050.785293802619,2334.9609853699803,2457.4977987259626,2532.640102803707,2473.57238329947,2340.7019084319472,2154.3770610541105,1947.1297385171056,1859.4211917370558,1791.6782996058464,1798.5674072802067,1858.7195233628154,1911.7273796349764,2035.476165637374,2123.8225927576423,2181.9334917515516,2208.6606780067086,2201.580206230283,2190.8638165146112,2107.684220150113,2031.457519493997,1950.446716286242,1844.0482755377889,1802.330901287496,1804.4359064102173,1922.6351334527135,2218.228883109987,2328.7097580358386,2224.224958308041,2545.5890737101436,3309.1956289857626,4180.348809622228,3295.481201671064,1934.244555644691,1146.4623354747891,684.1266648843884,487.59573206305504,339.6712811663747,294.4455650448799,240.4808882623911,199.97548665851355,176.9480063766241,165.9126764908433,126.68303556740284,108.37586980313063,0.0,0.0,0.0,0.0,0.0,0.0,0.0,0.0,0.0,0.0,0.0
0.0,0.0,0.0,0.0,0.0,0.0,0.0,0.0,117.27260720729828,265.5706481486559,511.7724771350622,724.4173853844404,1353.462469726801,1929.0814039483666,1915.0699177458882,1671.1935244947672,1622.506553530693,1806.7163868397474,1922.8998659178615,1907.8875592723489,1774.7490044534206,1526.0451243594289,1334.1819582507014,1325.1451383680105,1437.590258732438,1533.462969996035,1581.1196846216917,1564.782762683928,1516.0663558244705,1339.5392912104726,1180.143917709589,1002.1744942218065,795.2401496767998,713.526104092598,651.4752366244793,646.3828267231584,690.3011826351285,744.5221019312739,838.1282492503524,900.3557320907712,978.8907009735703,1014.714185655117,1046.446080878377,1067.0512076467276,1051.3618754073977,1050.06669601053,1036.997158460319,1041.353670977056,1065.520541086793,1160.981149815023,1338.5973425582051,1562.4573269486427,1546.444199860096,1195.362275622785,1060.7224901393056,1131.7807415947318,1285.6127308681607,871.1553238704801,465.70530086010695,293.00490264594555,219.00306165218353,170.90480859577656,134.2865547388792,116.6250175088644,98.1981469988823,89.30850659310818,61.785944409668446,68.76225161552429,63.552098132669926,44.91917635500431,0.0,0.0,0.0,0.0,0.0,0.0,0.0,0.0,0.0,0.0,0.0
0.0,0.0,0.0,0.0,0.0,0.0,0.0,0.0,877.2236479818821,1570.001575421542,2018.0619534440339,1900.5517788305879,2502.772775262594,3259.00520240888,3114.4920549578965,2672.697560135275,2447.026306476444,2495.2636612690985,2328.670734923333,1999.264303844422,1614.9070716872811,1336.77147853747,1162.1224166490138,1209.7630206607282,1379.588347069919,1555.3314520567656,1766.4817700460553,1841.5729099810123,1858.0332856886089,1739.6777141354978,1561.5973352566361,1343.1865494325757,1111.199683342129,984.3404131606221,850.9168843887746,825.6047054305673,815.1615667641163,822.969056148082,864.7913400456309,907.0114577971399,931.4285105839372,953.5082894787192,968.0789543800056,980.6107207797468,982.699348513037,991.7003394588828,1014.874161452055,1084.0972520411015,1181.3179001025856,1404.9502552598715,1772.697924014181,2216.7799634970725,2276.653958518058,1817.60342027992,1597.0542774908245,1705.4640026949346,1938.0973487980664,1286.9925175607204,644.4411141835153,367.99631491303444,229.20202911272645,170.72045258060098,127.95331327989697,110.39889447391033,89.41315867751837,57.337804201990366,66.88581669703126,57.83509651944041,45.70116397365928,45.353059351444244,0.0,0.0,0.0,0.0,0.0,0.0,0.0,0.0,0.0,0.0,0.0
0.0,0.0,0.0,0.0,0.0,0.0,0.0,0.0,319.8139193058014,614.5336192846298,865.7810950279236,951.6875830888748,1495.5788379907608,2076.287159204483,2085.93408536911,1923.0353574752808,2092.83346927166,2394.452553153038,2476.7567080259323,2359.039786219597,2151.875099658966,1907.0385558605194,1770.9436291456223,1982.6264963150024,2302.440415620804,2596.6716636419296,2894.8105273246765,2998.6676248311996,3047.329651117325,2893.7725669145584,2714.815980911255,2463.202166199684,2159.446105003357,2025.9155510663986,1838.1057733297348,1738.400517463684,1661.8967295885086,1629.3536179065704,1607.1901103258133,1609.082861661911,1571.5331174135208,1537.402536869049,1490.877487897873,1466.882285475731,1397.7663334608078,1368.0318205356598,1344.9524655342102,1345.746199965477,1387.692011833191,1539.234231710434,1840.3648636341095,2304.211053967476,2462.89688372612,2282.1086028814316,2519.129915356636,3202.413147687912,4001.337381005287,3059.7241195440292,1699.0801348686218,957.1216111183167,543.158576965332,375.131103515625,276.0364125967026,195.0144441127777,179.20081198215485,153.86236667633057,128.64603435993195,110.32908594608307,92.92798495292664,130.66089868545532,0.0,0.0,0.0,0.0,0.0,0.0,0.0,0.0,0.0,0.0,0.0
0.0,0.0,0.0,0.0,0.0,0.0,0.0,0.0,232.37801143154502,460.90276737883687,692.0599453896284,783.3935456797481,1286.6058212965727,1807.3675773367286,1821.6742189861834,1691.5028554983437,1842.809897582978,2036.69350521639,2014.3369931988418,1818.5458333455026,1558.2794084586203,1365.1588217131793,1261.3879809491336,1379.3510102294385,1490.2179452516139,1492.8503673151135,1318.69084963575,1176.2348498515785,1034.618173044175,821.5445900782943,724.3357289507985,631.056425396353,565.9325926080346,580.0103279910982,646.3931452445686,738.6423706002533,908.7578775733709,1026.87351103127,1216.3315975144506,1338.10973123461,1469.196719788015,1520.471723459661,1565.4899558499455,1590.3644367977977,1580.9029777869582,1574.1502429284155,1544.430579341948,1546.3381315618753,1581.093733008951,1713.6304612495005,1942.4604255519807,2186.436354480684,2146.148851595819,1788.9787739366293,1847.845835443586,2190.289609964937,2500.2286946587265,1684.5212143734097,875.4520158134401,537.8534239307046,356.29260363802314,276.40431666746736,229.28777683526278,177.32605436444283,175.6474084109068,130.47657184302807,121.0914149209857,109.79870577901602,96.17878292873502,86.67917287349701,0.0,0.0,0.0,0.0,0.0,0.0,0.0,0.0,0.0,0.0,0.0
0.0,0.0,0.0,0.0,0.0,0.0,0.0,0.0,1500.9733074456453,2571.203396782279,2993.618551298976,2214.6735737621784,1686.8517445474863,1757.1721394956112,1539.2134100943804,1363.338504999876,1484.2679017782211,1599.1360451728106,1498.4108263403177,1280.7970463186502,1150.800408706069,1148.4843200147152,1233.2925889045,1591.0050955116749,1907.1758411228657,2126.1201401799917,2190.379281744361,2130.1116972863674,2035.3491748720407,1829.5129522383213,1678.5236809551716,1484.1200663298368,1273.6516663134098,1166.717358648777,1028.2941004782915,968.9628071933985,887.8997029960155,846.7521698623896,801.4652441740036,776.0375470519066,730.8984568119049,714.538000524044,678.367594152689,668.3640621453524,661.415796071291,668.5118975937366,699.4095063060522,799.0013200342655,913.3766786009073,1188.6955619752407,1601.4028553813696,2129.4710770100355,2297.658538788557,2047.6195170879364,2114.244025826454,2635.6596522778273,3229.4653699547052,2329.1474892944098,1190.8638152182102,604.5977054089308,324.8930370658636,181.44337365031242,123.639713332057,89.34188930690289,83.6748637855053,54.45272348821163,36.95886209607124,54.255609557032585,16.705405667424202,25.329140156507492,0.0,0.0,0.0,0.0,0.0,0.0,0.0,0.0,0.0,0.0,0.0
0.0,0.0,0.0,0.0,0.0,0.0,0.0,0.0,1050.2983950339258,1769.1841986700892,2053.623693007976,1585.866908609867,1467.5097454376519,1702.625921048224,1559.2310630455613,1368.0797007605433,1420.850011266768,1555.752734977752,1522.0975607000291,1350.8760781548917,1139.4501369521022,987.8765075467527,910.5072102546692,1048.794253166765,1269.4643995948136,1497.3418924696743,1756.4616653770208,1869.7736860364676,1944.1660358831286,1936.0812733471394,1868.3948893249035,1754.6441606208682,1605.3894165940583,1527.4874023906887,1424.108985312283,1364.0059832036495,1286.8560399338603,1247.3409796319902,1187.9273758791387,1165.8979647830129,1111.1848043650389,1066.2799023725092,1013.227565266192,977.504195921123,910.6012191213667,872.9976724423468,844.7636761441827,839.0604715645313,853.193137858063,934.072099506855,1097.5535186938941,1318.2236651219428,1355.0751408673823,1208.2332910858095,1318.9757360555232,1663.988276835531,1993.1759917214513,1356.391265001148,696.4490207843482,383.05479550361633,252.57048852741718,191.12002599611878,148.65935453772545,126.91197004169226,109.99037403613329,99.46138096600771,76.71123522520065,66.3075873106718,60.8864093311131,64.17671966552734,0.0,0.0,0.0,0.0,0.0,0.0,0.0,0.0,0.0,0.0,0.0
0.0,0.0,0.0,0.0,0.0,0.0,0.0,0.0,915.1855101659894,1542.2291525565088,1782.6254875995219,1349.6321783550084,1203.435034159571,1484.3101072125137,1621.7332696318626,1828.2717240788043,2588.3784520551562,3178.926636505872,3324.8546401560307,3028.5847279131413,2538.21065441519,2118.297575671226,1819.6053985208273,1822.4044601917267,2031.6343200914562,2259.7578462697566,2488.6349659748375,2591.8772791437805,2648.9350747428834,2569.80775443092,2467.3190347887576,2321.4986873567104,2161.790687788278,2139.4520225301385,2176.001308578998,2239.949102137238,2445.5724787302315,2577.2360334806144,2812.464870054275,2986.921771503985,3129.243291847408,3187.9697588272393,3218.0596717894077,3215.2606101185083,3131.3425881005824,3038.3276156522334,2937.2384268455207,2827.8597092442214,2777.530427277088,2816.5019782334566,3029.284493330866,3459.10194414109,3527.6251269690692,2892.4534401111305,2388.407026913017,2190.4810699149966,2272.2459675706923,1539.6454033218324,958.8401066102087,709.1853368096054,586.0266232900321,513.251019846648,436.7074487693608,406.4022233709693,361.401924200356,319.7389677911997,288.14186777547,243.08774049580097,232.5374311208725,201.31712786853313,0.0,0.0,0.0,0.0,0.0,0.0,0.0,0.0,0.0,0.0,0.0
0.0,0.0,0.0,0.0,0.0,0.0,0.0,0.0,1983.7791889160872,3051.8200785666704,3315.9967644140124,2554.1296204179525,2441.6989374160767,2756.170897297561,2444.4312762469053,2160.521032176912,2223.617819622159,2311.7610463500023,2155.7647386565804,1827.4286891520023,1446.6722131893039,1204.3542379885912,1062.8798051923513,1106.4454298838973,1243.4671623632312,1344.4119025021791,1425.825479887426,1437.1090272814035,1437.766812555492,1378.4649401530623,1356.3532351702452,1331.4079936221242,1350.7873597741127,1415.75630530715,1564.213381782174,1720.0072940066457,1972.1414494514465,2148.07371083647,2404.4581711292267,2568.3985009789467,2744.9885476380587,2787.1374040469527,2814.056001417339,2823.770983926952,2749.491846822202,2684.8264944925904,2568.7526930496097,2459.6109364181757,2412.50339102,2426.4686783775687,2603.2105216383934,2885.9063928946853,2895.7225731387734,2432.287548109889,2383.9656298980117,2651.5830387175083,3014.0733236074448,2127.3281752690673,1205.4674130678177,803.2064185291529,581.4315834268928,472.03683245927095,385.00678081065416,342.90852326899767,296.8129552155733,274.85304683446884,231.48981761187315,166.26787774264812,191.76970683038235,186.9628144428134,0.0,0.0,0.0,0.0,0.0,0.0,0.0,0.0,0.0,0.0,0.0
0.0,0.0,0.0,0.0,0.0,0.0,0.0,0.0,552.3029385656118,987.6622052192688,1297.444027543068,1269.6815377920866,1742.6778482794762,2360.4837189018726,2373.925520271063,2180.570377498865,2276.369061872363,2499.8131600171328,2457.4197864681482,2169.972034111619,1746.813787162304,1361.7061779350042,1066.658637881279,942.8906668126583,1009.6343805342913,1142.7599133253098,1384.3504433184862,1518.3031638860703,1620.1506588757038,1612.292374998331,1523.5764859616756,1403.7376568317413,1277.5915209054947,1235.766838952899,1238.3518007546663,1280.2798811793327,1402.0315820425749,1508.118414387107,1679.19118642807,1794.2736858427525,1917.111070662737,1968.3450135737658,2011.7723718434572,2041.240936383605,2009.1357108056545,1999.6230513751507,1977.3923798799515,1978.1161691844463,2034.2098402827978,2210.194039747119,2583.2040277421474,3191.187043517828,3388.1094335764647,2960.556751564145,2706.816901102662,2845.1123574972153,3253.0710290521383,2315.7638797312975,1303.854732811451,785.1562976688147,524.5404488146305,385.7796992957592,301.56164379417896,268.8360273838043,231.6125774383545,191.49397027492523,150.7549722790718,166.9368331581354,139.58793729543686,133.53912667930126,0.0,0.0,0.0,0.0,0.0,0.0,0.0,0.0,0.0,0.0,0.0
0.0,0.0,0.0,0.0,0.0,0.0,0.0,0.0,1307.926935173571,1962.8651513457298,2115.668596252799,1718.5745892114937,1918.76938200742,2233.427508685738,1919.6512973941863,1607.5925002768636,1565.3998115099967,1630.0581343397498,1551.149915523827,1353.8793684840202,1028.1740911714733,801.2433371767402,623.792678039521,553.9821126870811,611.2601962275803,680.3280959911644,803.7498335391283,873.0033996999264,898.6253625154495,846.685187894851,806.5812460966408,737.3276799358428,692.9069944024086,705.0681434199214,772.836378403008,857.9180049262941,1014.341944579035,1128.480362266302,1311.8259295150638,1428.563676763326,1557.7410726249218,1609.4027476496994,1646.9073598869145,1672.2508231066167,1668.5839117616415,1678.795563608408,1658.186593517661,1691.2352122217417,1759.931779190898,1962.0296525582671,2302.216908853501,2693.044674988836,2699.1252494975924,2250.880150023848,2270.839287724346,2660.3673890791833,3041.9118353538215,2060.3864264823496,1056.3025503493845,628.4343379698694,411.6224026232958,304.2143918350339,236.07482405751944,188.03364377841353,184.59881542995572,129.45589545741677,128.7596464678645,104.39093183353543,94.78269577771425,64.61190623044968,0.0,0.0,0.0,0.0,0.0,0.0,0.0,0.0,0.0,0.0,0.0
0.0,0.0,0.0,0.0,0.0,0.0,0.0,0.0,1015.4740522280335,1768.3001861423254,2153.7548867091537,1843.6121691092849,2043.031586959958,2508.581315651536,2307.3577667325735,1883.596748366952,1609.4107825234532,1687.7855926528573,1742.622785821557,1722.1479960232973,1703.0997284650803,1559.3985910490155,1486.6879133433104,1692.9042901024222,1943.0491605475545,2129.2942259460688,2232.4233925938606,2207.669036075473,2149.4333634525537,1976.8661289438605,1833.2908611372113,1649.185579098761,1443.8922461420298,1347.2243861109018,1243.9273933172226,1210.781729504466,1175.5801954045892,1167.4406273290515,1188.1251998096704,1192.4467230662704,1195.8871590569615,1199.4115081205964,1178.1395441293716,1168.2797580584884,1155.8606232628226,1160.0143203735352,1176.671065352857,1259.2834856659174,1354.5248234570026,1612.8092619776726,2036.2346280515194,2605.207219146192,2749.621617682278,2222.2279542312026,1764.8177936151624,1579.2440328001976,1635.4657916724682,1028.1449262425303,529.701272957027,329.6525070592761,222.11790408194065,188.72050105035305,151.00157476216555,153.60288002341986,106.02416766434908,102.12220977246761,83.66133372485638,78.33285359293222,68.22132830321789,51.18697449564934,0.0,0.0,0.0,0.0,0.0,0.0,0.0,0.0,0.0,0.0,0.0
0.0,0.0,0.0,0.0,0.0,0.0,0.0,0.0,671.5866787284613,1170.0931604504585,1427.624376937747,1241.0696202367544,1502.0478171110153,1971.3071925193071,1999.0397165417671,1967.0245805233717,2373.2982234060764,2749.4369013905525,2790.4873041808605,2530.8147816956043,2166.1660383343697,1872.9637975394726,1692.8329588323832,1745.6866580992937,1876.671912804246,1918.819082081318,1729.4962956756353,1530.0414760112762,1338.7862915098667,1045.0617809593678,873.8095280975103,703.7062686979771,509.78750844299793,427.8956107646227,350.39077903330326,322.9716168642044,322.29266618192196,331.64129480719566,358.95600302517414,387.47193168103695,415.20445570349693,432.8049464672804,454.37468737363815,475.26547759771347,509.3696926385164,570.9452968239784,630.6407298892736,781.5244622826576,923.372927904129,1255.7454003691673,1749.7081352174282,2355.749959617853,2541.6779926121235,2222.832306817174,2264.979476094246,2799.470343977213,3422.69484333694,2510.23735332489,1290.2152042388916,648.1367667019367,325.2696037888527,183.57781909406185,107.90093150734901,77.1914698779583,61.88896603882313,38.8046428412199,40.73704093694687,24.860040366649628,14.884688034653664,21.621967881917953,0.0,0.0,0.0,0.0,0.0,0.0,0.0,0.0,0.0,0.0,0.0
0.0,0.0,0.0,0.0,0.0,0.0,0.0,0.0,17.227613277733326,32.54799532145262,42.86580363661051,58.59264479577541,148.07618236541748,302.15545320510864,489.31424282491207,759.9534815400839,1389.9651104807854,1851.8277299702168,2049.0229331329465,1956.2251904681325,1687.6182473301888,1411.6637740284204,1208.6843449920416,1200.4613644257188,1345.1920756101608,1480.6054932251573,1603.8251373767853,1656.3208954408765,1672.141534857452,1599.1664905920625,1521.095074340701,1400.9707726836205,1251.4563503712416,1180.0446103960276,1083.213542662561,1031.9371619448066,973.4383154064417,941.8283026590943,919.254188708961,895.8046243563294,868.8219923079014,842.9336732625961,805.1017094403505,787.18624227494,772.3348515182734,775.6803226992488,789.7813273966312,872.5113904327154,952.4275057464838,1188.3926553055644,1524.6906742081046,1908.6694739609957,1943.6874900609255,1490.0165850520134,1316.6148731857538,1396.4684563279152,1571.7148672565818,1029.498407252133,503.50904577970505,290.868396230042,193.4745389521122,148.79530233889818,113.43335929512978,102.64655969291925,92.36001746356487,85.04375338554382,65.59624801576138,60.90633514523506,63.40762200951576,49.40041556954384,0.0,0.0,0.0,0.0,0.0,0.0,0.0,0.0,0.0,0.0,0.0
0.0,0.0,0.0,0.0,0.0,0.0,0.0,0.0,481.18640442192554,932.3766651824117,1380.8210930973291,1504.0091393962502,2234.7335045412183,2726.487205065787,2320.769600369036,1802.59765958786,1525.351749241352,1452.42076472193,1288.4612610191107,1125.8746737390757,1136.3171592578292,1208.7072979137301,1366.9255147576332,1794.609782218933,2149.0302369371057,2377.641623094678,2495.462814286351,2495.878849565983,2423.0726756304502,2148.572598129511,1951.2054614722729,1743.3958392962813,1479.7958861216903,1371.793127529323,1242.7805873155594,1193.5220102071762,1168.1438581496477,1153.5826233625412,1165.9388711676002,1178.9191718921065,1186.1165822297335,1173.4275062009692,1157.160526767373,1159.698341973126,1144.8874860182405,1178.3783260285854,1202.4251651912928,1302.9392887502909,1437.0274593755603,1747.0569497570395,2190.1761260926723,2632.8792671486735,2576.4648832306266,1872.6163971498609,1457.3715845495462,1315.337140083313,1326.8197138011456,772.4111001640558,408.50504107028246,279.5341043844819,205.64623872190714,174.23557510972023,150.85439239442348,119.61014289408922,118.19562294334173,108.2939832881093,81.58451833575964,77.25775142759085,68.81223525106907,74.63672916591167,0.0,0.0,0.0,0.0,0.0,0.0,0.0,0.0,0.0,0.0,0.0
0.0,0.0,0.0,0.0,0.0,0.0,0.0,0.0,750.1158186793327,1284.3948590755463,1507.1099522709846,1188.0035769939423,1188.715126812458,1475.5171403288841,1472.5760677456856,1442.0742988586426,1725.2236899733543,1929.675671160221,1827.5919905304909,1501.1329337954521,1077.9505383968353,818.2348546385765,628.061306476593,546.0907673835754,613.1187602877617,732.374509871006,985.1170054078102,1167.5583788752556,1307.1170166134834,1345.6830167770386,1284.6794790029526,1181.2201353907585,1061.2053993344307,1035.7319158315659,1063.2451754808426,1115.1883122324944,1285.9128320217133,1412.3789530992508,1607.7230966091156,1757.2434318065643,1907.7599367499352,1976.9700157642365,2046.5121513605118,2072.602311372757,2058.8456815481186,2041.436429321766,2010.5551671981812,2011.076970398426,2041.578739285469,2190.8144545555115,2517.0837646722794,3002.5504875183105,3108.7611570954323,2595.164498090744,2377.3828169703484,2570.3551277518272,2941.0251465439796,2089.4897603988647,1161.5339237451553,714.9652576446533,491.064248085022,361.79936438798904,303.3099693059921,251.4617058634758,229.9254646897316,195.10696023702621,168.02063047885895,148.28698217868805,123.95197838544846,122.57631540298462,0.0,0.0,0.0,0.0,0.0,0.0,0.0,0.0,0.0,0.0,0.0
0.0,0.0,0.0,0.0,0.0,0.0,0.0,0.0,265.3508828319609,434.04524290561676,474.3733406253159,344.62523182109,334.8432135283947,458.22755578532815,545.1384246312082,661.2498908340931,1050.966954190284,1379.2282148897648,1533.3768228553236,1483.7758081667125,1269.262328952551,1007.9842567108572,792.7071255110204,690.4141238108277,761.9792241826653,904.0184935182333,1172.3148911520839,1354.1731568835676,1482.6848767586052,1459.1934871040285,1345.082061816007,1183.2242052331567,950.9285440668464,833.9079683572054,698.4870162308216,619.1763028614223,549.9748872071505,520.8833829909563,483.79171511530876,480.8462003134191,465.6822537407279,457.3548106588423,456.26387925073504,464.00949224829674,481.6098522990942,540.3383264355361,595.903099488467,758.924616239965,917.5824073590338,1260.1712338849902,1766.5088647678494,2315.865557510406,2383.1396610103548,1811.0188662186265,1432.5020319856703,1418.1381017789245,1511.4491015523672,932.3099813684821,433.2088621594012,213.67709846794605,137.71190808340907,77.92886691913009,60.94670133292675,51.60105560347438,37.41894729807973,38.69170060753822,27.782386526465416,34.47343249619007,21.23679807782173,16.07305607944727,0.0,0.0,0.0,0.0,0.0,0.0,0.0,0.0,0.0,0.0,0.0
0.0,0.0,0.0,0.0,0.0,0.0,0.0,0.0,400.84057457745075,769.2628773152828,1135.3105932623148,1280.2636304050684,2061.915656194091,2839.2831014692783,2772.691428422928,2437.7198265641928,2380.471636325121,2456.6648994386196,2281.823041602969,1956.4014083594084,1610.2279514223337,1440.7031031399965,1397.0313547700644,1589.7342349886894,1849.2352740615606,2051.591365799308,2135.321360900998,2114.156565591693,2043.538419291377,1800.4530019462109,1609.9182227104902,1384.6938277482986,1133.6587067991495,1033.2549827098846,945.0339212864637,933.0577444285154,970.7414043694735,1017.820168569684,1112.3906685858965,1186.93204523623,1253.4204753786325,1283.515781879425,1308.0359715670347,1308.0875930190086,1273.6044631004333,1229.7778503745794,1167.5223792940378,1120.8565867096186,1077.7010528594255,1049.6706044375896,1112.5455329418182,1269.4747469425201,1382.9386983811855,1480.606485515833,1929.1969031691551,2709.506771206856,3383.011855110526,2513.8098467737436,1343.6031519770622,749.078889593482,447.66123151779175,290.1641815453768,227.23763158917427,162.55595226585865,166.99539713561535,118.83258244395256,109.90207125246525,102.67506797611713,92.24753467738628,98.39048746228218,0.0,0.0,0.0,0.0,0.0,0.0,0.0,0.0,0.0,0.0,0.0
0.0,0.0,0.0,0.0,0.0,0.0,0.0,0.0,1552.8118765354156,2737.739009514451,3408.8080017715693,2901.6469298154116,3060.6171807721257,3719.427131898701,3486.732369698584,3009.140558987856,2870.942572169006,2924.065083734691,2631.948024943471,2146.4672942459583,1673.075340218842,1445.715531103313,1361.4346233308315,1550.2011548131704,1793.7928424626589,1970.1868231743574,2042.549218736589,2010.5395002290606,1943.7390770316124,1801.511497989297,1691.9746952950954,1557.465771779418,1391.003884576261,1313.9308389499784,1208.3668736591935,1150.9877505898476,1088.6709581762552,1042.3022701963782,990.371609851718,982.4826898649335,939.4057814478874,907.1122888401151,869.5973527878523,857.3383116573095,843.3766259253025,850.4709784314036,888.099424123764,991.1094225123525,1102.9164180085063,1413.7058125957847,1866.0417283847928,2503.0578286126256,2705.1617428064346,2304.8699970021844,2070.188816100359,2172.5177566483617,2452.716303229332,1650.2599025592208,826.6907088309526,430.37180043011904,266.4071253091097,161.58097267895937,137.11964523792267,103.29377248883247,89.61586085706949,88.87804819643497,46.65246208012104,58.23044537007809,33.825872749090195,46.82272654026747,0.0,0.0,0.0,0.0,0.0,0.0,0.0,0.0,0.0,0.0,0.0
0.0,0.0,0.0,0.0,0.0,0.0,0.0,0.0,1606.9092295207083,2865.064095903188,3606.5393441021442,3055.644079376012,3153.6783294528723,3826.4887306652963,3607.123228855431,3185.5584369823337,3105.9749451093376,3211.89163935557,3032.580631621182,2612.6507170572877,2081.8994763195515,1749.4354977980256,1544.3167839683592,1597.4502965174615,1799.416032679379,2001.3817688412964,2158.972263753414,2203.5810589045286,2204.7488284111023,2007.3373933248222,1809.0501311086118,1586.2397092543542,1303.6394886635244,1200.7006066590548,1124.562034830451,1110.4904122762382,1180.7317480966449,1250.9730839170516,1372.8298319280148,1471.6815206594765,1566.8547354452312,1608.4857183545828,1657.2400952540338,1664.1883238181472,1657.4736491553485,1662.6702234596014,1655.7803833708167,1702.082444306463,1778.921677839011,2019.8325270451605,2385.5195480287075,2792.078501742333,2766.270795647055,2072.4405433163047,1659.1085264645517,1527.1505722217262,1562.3588228449225,976.255307495594,538.9840157590806,371.52586851641536,304.67106426507235,253.1140405498445,216.5628549940884,178.960676882416,161.79446513578296,141.24172182008624,105.33280949294567,116.89372760802507,48.4624345228076,99.90268128737807,0.0,0.0,0.0,0.0,0.0,0.0,0.0,0.0,0.0,0.0,0.0
0.0,0.0,0.0,0.0,0.0,0.0,0.0,0.0,311.8561783321202,554.641501005739,710.8984990082681,688.2290899716318,1000.4394778199494,1463.3407141305506,1683.1530196107924,1902.105101980269,2676.963719341904,3239.6508365012705,3316.160091999918,2968.0733402967453,2436.961471438408,2021.6761143766344,1744.5324686318636,1723.735309895128,1862.2312307283282,1975.7300799898803,1988.2792171351612,1937.9814658351243,1845.0267685130239,1591.9187685102224,1381.0123022943735,1149.4604814201593,886.1310068070889,779.1091315560043,689.2917185202241,682.1063254773617,720.715162742883,773.036968421191,882.0828980505466,955.0500583872199,1042.8940184041858,1089.1436609476805,1120.9719160459936,1141.3136625476182,1126.2344574294984,1119.4538752622902,1098.6567165255547,1093.343573782593,1103.109636157751,1174.0021407566965,1331.8277809023857,1550.4762551151216,1560.0399120524526,1314.6233186870813,1343.5166949369013,1610.3376633524895,1914.6542391255498,1347.919013209641,724.6620687805116,427.9862982854247,286.60609996318817,216.21960895881057,168.80613514780998,147.04755058139563,124.47934426367283,110.96878128871322,82.07540503889322,82.37901319563389,69.07085565850139,63.80831427499652,0.0,0.0,0.0,0.0,0.0,0.0,0.0,0.0,0.0,0.0,0.0
0.0,0.0,0.0,0.0,0.0,0.0,0.0,0.0,1499.2870319783688,2644.6445401385427,3295.480711504817,2790.4055656939745,2900.5205628350377,3528.795275129378,3333.8728841021657,2910.7512960657477,2788.844032727182,2829.390043899417,2546.5371930524707,2058.154296196997,1558.7329766452312,1322.3491930514574,1213.4188071265817,1356.0567667484283,1619.3635325282812,1865.278051815927,2096.1157010793686,2199.823028460145,2231.0536877959967,2068.4927213564515,1892.0394961088896,1678.3787094801664,1396.118164241314,1293.0031424686313,1202.8111521452665,1187.3573603704572,1232.58797044307,1290.7416119650006,1390.356646053493,1471.1794385761023,1563.6329594030976,1597.2866871356964,1619.4712244570255,1624.9096668586135,1588.8328707292676,1555.1252970322967,1511.29468203336,1479.2024872675538,1479.8486388400197,1550.3868521675467,1726.1400798782706,1997.792970135808,2033.7620743364096,1682.309464879334,1616.563542380929,1830.0627911165357,2118.461776293814,1504.2408607006073,826.6970910057425,515.1981871128082,356.1910543218255,276.3374891579151,228.95304051041603,188.99933494627476,154.59176371246576,146.99948273599148,97.24581165611744,112.10729782283306,116.6842047944665,70.69975122064352,0.0,0.0,0.0,0.0,0.0,0.0,0.0,0.0,0.0,0.0,0.0
0.0,0.0,0.0,0.0,0.0,0.0,0.0,0.0,1315.0110327377915,2267.4964179694653,2651.1355591863394,2002.5336727201939,1627.7111552506685,1789.7166166082025,1695.169927738607,1625.2749828994274,1904.5647417381406,2199.573612652719,2212.798548273742,1992.2089422792196,1686.701328612864,1436.877654403448,1285.4289399012923,1388.8502566218376,1572.0852198973298,1745.5754937678576,1868.8342139199376,1879.7969895005226,1880.0290059149265,1810.7141021117568,1749.4037646055222,1668.6620523929596,1609.961899548769,1620.750662818551,1686.759332716465,1769.5891926586628,1937.5110725834966,2070.398473933339,2277.4151196852326,2411.5206072106957,2546.0901275649667,2599.1058782562613,2615.1150108501315,2626.947847984731,2535.7073930203915,2461.0561116859317,2380.256395369768,2259.607859879732,2210.246367715299,2211.000421062112,2344.989900380373,2694.0005917474627,2769.4639305323362,2473.584998063743,2603.16616550833,3127.6972743719816,3801.298929490149,2878.4536411985755,1663.2676707580686,1038.3894626647234,679.2280531674623,536.1899336874485,408.696913972497,347.4445805698633,307.36374498158693,255.27605994790792,229.23221743106842,219.60353623330593,181.2628237530589,165.89173629879951,0.0,0.0,0.0,0.0,0.0,0.0,0.0,0.0,0.0,0.0,0.0
0.0,0.0,0.0,0.0,0.0,0.0,0.0,0.0,1523.3973586671054,2657.2036083862185,3213.979522269219,2564.219627700746,2345.5895718485117,2700.0664771199226,2525.2310914956033,2312.142802424729,2535.137612644583,2855.6773266531527,2902.3654857315123,2704.529315855354,2402.3313786275685,2132.599367145449,1980.2743439339101,2122.741888180375,2383.499180007726,2591.0947444811463,2655.0947944782674,2612.2319257445633,2539.3061982765794,2292.231675758958,2108.4706126637757,1873.4604673869908,1602.9437809623778,1469.4509563706815,1310.9956601709127,1225.2699227035046,1163.1334756948054,1114.7778823636472,1090.8452966175973,1080.3502692617476,1034.593911677599,1017.6743582300842,979.127201680094,955.6359955891967,897.0796280056238,889.380005132407,865.6926303058863,869.8121737539768,898.9432309940457,1001.8827750124037,1209.3802551180124,1482.152882002294,1535.5598202757537,1278.431650057435,1239.8844935074449,1446.7934674061835,1688.5714340619743,1171.519689142704,607.82882732898,359.3320814780891,218.82622458785772,167.38097367063165,144.77252689003944,96.41693355888128,119.61388654634356,72.87668528407812,69.88511206582189,61.35177206620574,41.34256103262305,65.12802022695541,0.0,0.0,0.0,0.0,0.0,0.0,0.0,0.0,0.0,0.0,0.0
0.0,0.0,0.0,0.0,0.0,0.0,0.0,0.0,703.1599445790052,1243.8939232081175,1575.7689552605152,1452.3502716869116,1840.3206387162209,2337.037225306034,2119.6342524290085,1611.7343853414059,1030.5616644322872,818.7950649261475,656.4138320982456,549.0096061974764,494.39046424627304,474.5289580821991,492.5564062446356,645.4989503324032,867.3305022865534,1105.176511913538,1429.5363794714212,1602.385162845254,1721.9120648056269,1730.187692373991,1678.4314702302217,1578.542408823967,1469.6619898974895,1458.2103106677532,1483.5739908367395,1551.4788700193167,1706.076539620757,1824.5745797753334,2028.602349177003,2161.1018565148115,2296.1958849281073,2359.403786301613,2394.429820820689,2402.2133840471506,2355.154139712453,2309.3921559154987,2242.426672294736,2198.9013445973396,2193.667569324374,2271.5479347109795,2526.8398619145155,2903.9848134219646,2931.585149690509,2262.019779726863,1699.4113044440746,1365.5232819020748,1316.5852464437485,869.2540265321732,563.3242052346468,471.93443700671196,408.32393753528595,375.2214272618294,319.0813591629267,285.2631189376116,271.0379861444235,215.12158365547657,196.91520300507545,175.53277069330215,159.87617799639702,138.4042794406414,0.0,0.0,0.0,0.0,0.0,0.0,0.0,0.0,0.0,0.0,0.0
0.0,0.0,0.0,0.0,0.0,0.0,0.0,0.0,641.1669424623251,1135.9773037023842,1450.6046202331781,1365.5702103599906,1813.9300569556653,2399.281461659819,2373.5089180506766,2172.7228224910796,2260.3794388361275,2454.94715904817,2378.378730069846,2073.078976560384,1761.3360871486366,1559.8007897399366,1451.7284230068326,1635.957157701254,1887.8013592772186,2083.7925630025566,2181.7881648652256,2157.7762456014752,2099.226121094078,1936.012498266995,1787.2584711275995,1613.7058627828956,1412.7324667610228,1334.8903946392238,1243.8998300656676,1218.539347473532,1232.2872014045715,1244.6864920072258,1304.5102596580982,1335.4897561185062,1353.5080605894327,1376.6958578191698,1353.058539479971,1344.5925585851073,1309.97943315655,1273.9428242146969,1251.9537499435246,1242.8884075693786,1270.196814969182,1384.4875570498407,1581.4527231790125,1871.1316181346774,1869.2211534194648,1452.1404840238392,1209.3990849144757,1192.2049024775624,1309.5299120470881,854.1275680698454,474.58191131427884,325.8653442673385,252.74324379488826,215.95743300393224,165.64852883666754,154.74764193221927,146.09436057507992,113.84122097119689,98.70734361931682,89.82930170744658,77.4674711972475,70.42497381567955,0.0,0.0,0.0,0.0,0.0,0.0,0.0,0.0,0.0,0.0,0.0
0.0,0.0,0.0,0.0,0.0,0.0,0.0,0.0,1377.6643829494715,2355.73882920295,2771.824863485992,2103.9731456413865,1729.2074334695935,1981.667127609253,2020.3181782662868,2144.9731551781297,2876.300148203969,3433.2703298404813,3498.6140950396657,3091.5501982718706,2387.9302429407835,1810.6735982522368,1348.2490115240216,1041.6031068637967,1023.558831833303,1104.5979131832719,1336.8779151290655,1516.3597277104855,1666.6397105827928,1705.3975320979953,1619.874074704945,1498.7425361126661,1373.1800069063902,1322.250307559967,1330.418278209865,1389.0354793444276,1508.5654550641775,1628.6826705038548,1824.553809814155,1952.0915998965502,2102.6918953433633,2163.978367932141,2207.5408780649304,2228.0942682623863,2192.3260307759047,2171.7192551493645,2124.419764980674,2100.876790754497,2121.9106498137116,2235.6216137632728,2527.212827421725,2980.1348077729344,3041.4746657907963,2403.1450902298093,1868.0629345178604,1591.473026432097,1617.7920429706573,1036.5848765298724,646.7110879272223,479.24099688977003,405.88941732794046,343.0013818666339,303.76309148967266,265.96620769798756,238.73963886499405,218.39979038387537,178.62764571607113,171.5807690769434,151.66800402849913,147.98440942168236,0.0,0.0,0.0,0.0,0.0,0.0,0.0,0.0,0.0,0.0,0.0
0.0,0.0,0.0,0.0,0.0,0.0,0.0,0.0,1236.3692902252078,2099.5391684621572,2395.9270635433495,1725.754804417491,1252.9307453222573,1329.340107690543,1290.1848794147372,1339.0649356283247,1838.6871108077466,2072.229219328612,1973.2992027886212,1680.823174584657,1339.5036496706307,1127.568207733333,1011.6380220539868,1095.468963637948,1254.539363477379,1404.9817204847932,1556.3380650803447,1600.5385048426688,1581.3082059882581,1377.379295323044,1211.8378633596003,1031.3801539577544,818.8597599640489,738.9772447608411,686.3315596841276,691.7789257094264,766.4699914120138,824.2340069822967,927.2221284136176,1005.4229064546525,1085.8538142107427,1123.2541863173246,1157.21796509251,1167.7836616113782,1177.1063350103796,1185.697818338871,1184.0892001837492,1227.8874854072928,1286.1998935304582,1467.1328764781356,1732.0064795203507,1990.0068958997726,1923.2858019657433,1476.894263919443,1362.7189344093204,1472.543682999909,1623.9731466025114,1033.4274861551821,535.1214531026781,330.75382839515805,235.26040518656373,184.47925478965044,149.12621488049626,126.751798722893,111.83552128449082,98.38162398710847,72.27813846990466,68.43939059972763,54.54677926003933,50.56179337576032,0.0,0.0,0.0,0.0,0.0,0.0,0.0,0.0,0.0,0.0,0.0
0.0,0.0,0.0,0.0,0.0,0.0,0.0,0.0,1489.7645435221493,2550.367309950292,2953.078229930252,2150.1798107512295,1552.354391105473,1605.5264718458056,1506.211839683354,1531.8515972606838,1967.1416819654405,2255.802994865924,2149.6841388121247,1788.5646006315947,1487.1059394851327,1401.7602437883615,1448.3534060642123,1787.3930124118924,2103.7668928168714,2324.1156002916396,2379.495674215257,2305.235005520284,2190.103932391852,1882.7422690615058,1646.6221817061305,1391.3060719817877,1074.5266418084502,932.4039785414934,779.1061661019921,701.2856716625392,651.2678668983281,641.5346724577248,627.7459803335369,642.7963828481734,642.1655276529491,643.8778488971293,649.7808510810137,654.4221428744495,657.3961745090783,683.5766651108861,702.3671377114952,786.2708786763251,877.2942711301148,1084.665386017412,1403.9682369716465,1740.9800944775343,1726.6957304142416,1183.3041018992662,727.2408568374813,482.7394076026976,396.4924901984632,228.91031369566917,149.4676201827824,113.19344645738602,102.01829728484154,82.01117537915707,72.00761442631483,66.60028418153524,54.884401984512806,40.96052660420537,33.074836663901806,49.567193910479546,28.7940335534513,29.875499602407217,0.0,0.0,0.0,0.0,0.0,0.0,0.0,0.0,0.0,0.0,0.0
0.0,0.0,0.0,0.0,0.0,0.0,0.0,0.0,717.2442092970014,1204.9407039172947,1364.9474587105215,1027.477632947266,954.2975713200867,1190.0999921187758,1269.3073160089552,1390.8191976696253,1930.3728921376169,2303.323959901929,2312.990323908627,2059.7884478978813,1776.165955748409,1634.4684316031635,1612.9749869294465,1881.3018795624375,2171.975131340325,2372.808058820665,2394.92697410658,2312.59229715541,2203.13494002074,1969.948123600334,1806.1885451339185,1634.9233193211257,1454.617200113833,1397.2444866858423,1375.7510420121253,1396.391572214663,1482.7065166980028,1558.7296265624464,1683.7100270725787,1772.8111588284373,1856.510498933494,1885.9076177068055,1900.9189123995602,1887.1016979664564,1825.9192999005318,1751.1471312604845,1673.0770266652107,1570.2724024057388,1495.8413995541632,1451.7741518765688,1502.039244711399,1675.749492008239,1769.342639978975,1773.2660465463996,2194.662656273693,2975.932311873883,3726.3833245821297,2858.5712806396186,1607.0045856311917,933.2021533995867,580.4935890845954,407.18136854097247,306.9923486597836,255.70375845953822,224.0890620611608,181.15903367847204,154.036353494972,147.04245483130217,116.6218386925757,119.6354698240757,0.0,0.0,0.0,0.0,0.0,0.0,0.0,0.0,0.0,0.0,0.0
0.0,0.0,0.0,0.0,0.0,0.0,0.0,0.0,1511.060360379517,2622.8558207452297,3155.1606250181794,2446.2597455754876,2069.305284217,2255.0481552779675,2028.2172963246703,1757.975453697145,1789.5778754800558,2030.1047303974628,2165.322443202138,2150.464949347079,2073.031756617129,1910.6156348660588,1833.7147953361273,2103.424284763634,2452.4060052484274,2765.7200613319874,3055.078223414719,3140.7870886176825,3171.615178473294,3010.8929078131914,2822.5850622430444,2556.8924196884036,2258.5810446962714,2110.199689127505,1928.9092266485095,1861.8327234461904,1821.277088753879,1799.6925862804055,1810.194463044405,1817.3086376264691,1804.4837650805712,1790.4489988982677,1750.1837386786938,1707.8374614045024,1653.295456275344,1594.252646818757,1547.9379184171557,1526.2566244527698,1542.033637471497,1647.3911753296852,1914.2937115207314,2313.4134242981672,2456.9068095758557,2177.2277965843678,2216.8155163675547,2635.4387145638466,3151.8213185817003,2330.6907054260373,1303.5394038632512,762.716948390007,480.3277736529708,344.8680821210146,259.15921691805124,234.86455269902945,191.69554775208235,172.57922829687595,130.8136999681592,123.69952538609505,104.1960399672389,90.93560571223497,0.0,0.0,0.0,0.0,0.0,0.0,0.0,0.0,0.0,0.0,0.0
0.0,0.0,0.0,0.0,0.0,0.0,0.0,0.0,190.86070396006107,378.90112947672606,521.554748415947,549.6919449791312,902.5546897575259,1334.057291597128,1516.4571602270007,1688.2973816618323,2329.7467578575015,2792.4691861867905,2893.21215569973,2632.303605750203,2215.361511223018,1901.195610202849,1701.0870164632797,1763.9201966673136,1995.3142047673464,2192.471344321966,2327.910297475755,2361.3601115718484,2331.0585152730346,2148.7242345139384,1989.0177691727877,1772.7089713513851,1544.397593177855,1478.547370918095,1423.322383724153,1442.7363934740424,1556.2689977884293,1627.8909526765347,1801.6332223638892,1922.183728851378,2021.4181773364544,2078.8731521368027,2119.0129290521145,2119.0129290521145,2112.9132570698857,2078.9387400075793,2045.1609865576029,2078.807564266026,2109.9618028849363,2314.9894869327545,2709.9596447497606,3356.7872263491154,3621.3686970621347,3264.3083285540342,3198.4581062942743,3589.361816123128,4298.301111347973,3301.4966512843966,1923.6266620084643,1161.8235429376364,682.5073833018541,486.3996496796608,354.5680294185877,274.485239200294,267.4673370271921,182.3998686298728,179.51400231570005,144.81801867485046,159.83764108270407,126.12547550350428,0.0,0.0,0.0,0.0,0.0,0.0,0.0,0.0,0.0,0.0,0.0
