,380,385,390,395,400,405,410,415,420,425,430,435,440,445,450,455,460,465,470,475,480,485,490,495,500,505,510,515,520,525,530,535,540,545,550,555,560,565,570,575,580,585,590,595,600,605,610,615,620,625,630,635,640,645,650,655,660,665,670,675,680,685,690,695,700,705,710,715,720,725,730,735,740,745,750,755,760,765,770,775,780
0,0.0,0.0,0.0,0.0,0.0,0.0,0.0,0.0,475.2726318053901,864.2327627390623,1171.6345038115978,1194.9434946887195,1720.4804652370512,2257.5565401799977,2094.024352699518,1707.879763238132,1501.4221074096859,1502.345235761255,1379.3845393322408,1194.0203663371503,1079.5524507425725,1022.7339007034898,1068.428754106164,1382.523175727576,1697.125317942351,1973.0022258087993,2208.4461118765175,2265.126192662865,2288.8505912981927,2151.350623331964,2011.3582088164985,1833.6560011394322,1633.2448360137641,1579.3341402821243,1546.5630838014185,1564.7948687449098,1669.154528889805,1757.4055992998183,1894.5824723429978,1992.6187032796443,2099.332340721041,2128.3647273778915,2161.1819402761757,2172.582575418055,2123.0105829387903,2096.101391490549,2063.0533965043724,2064.945809625089,2111.425322126597,2282.157910749316,2624.0384957529604,3024.8608260042965,2936.655912011862,2207.292201437056,1897.028762474656,1937.969504866749,2077.315729536116,1342.690187357366,729.4098669923842,502.78185668215156,403.22246396541595,335.1879044547677,298.72433456778526,259.260597538203,248.32152657210827,206.4114994108677,163.99375165626407,165.37844418361783,130.99191308766603,136.71530886739492,0.0,0.0,0.0,0.0,0.0,0.0,0.0,0.0,0.0,0.0,0.0
1,0.0,0.0,0.0,0.0,0.0,0.0,0.0,0.0,1291.2706764414907,2281.888109818101,2786.3389326259494,2302.29089576751,2351.754986308515,2834.5134565606713,2614.0436228364706,2211.929121427238,2091.6309794411063,2256.4652252942324,2311.5941977128386,2215.982045046985,2087.90044747293,1925.5532229319215,1879.8196643590927,2175.1304171979427,2510.2795669808984,2762.804342061281,2894.0177442505956,2864.772215858102,2803.7480818107724,2584.798094443977,2415.6806452199817,2207.3695823550224,1945.449393428862,1830.2634619176388,1680.4895117878914,1610.3462995961308,1549.6445572003722,1518.5567907989025,1500.5489142611623,1501.562145166099,1477.8433308005333,1448.7820262089372,1405.5815448984504,1379.7441568225622,1338.1556337699294,1333.6421506479383,1337.6950742676854,1405.4894329980016,1509.7601043060422,1772.877747938037,2228.8316551595926,2851.2778224423528,3018.2766979560256,2545.0057534500957,2275.4863327369094,2374.690849520266,2647.3420748487115,1747.3627515137196,873.4510960057378,511.8658307939768,333.81352722644806,254.6433487907052,209.18612591922283,172.43347764015198,154.19532135128975,131.39762599021196,108.59993062913418,118.40984802693129,94.82920151203871,84.00605320930481,0.0,0.0,0.0,0.0,0.0,0.0,0.0,0.0,0.0,0.0,0.0
2,0.0,0.0,0.0,0.0,0.0,0.0,0.0,0.0,608.1919528469443,1136.4037043824792,1563.307200923562,1583.8036561831832,2268.5515815392137,3029.2195511981845,2850.963983260095,2283.373600497842,1734.8610639199615,1586.2984514534473,1423.7943360060453,1270.4867207705975,1207.0406528189778,1175.097489848733,1236.8803609535098,1569.470812767744,1903.822296537459,2209.850516356528,2445.730963282287,2489.903514832258,2492.4472276568413,2301.717683367431,2088.5349816456437,1869.9713489487767,1593.8806723728776,1491.7897365093231,1422.6692322567105,1425.3596977442503,1522.8034659475088,1604.7892869859934,1752.3246308118105,1872.5150617733598,1979.3020828515291,2024.648655705154,2078.8982234448195,2082.9583804532886,2052.287073895335,2036.486703850329,1995.836216211319,2015.7945783734322,2070.2398163303733,2235.8257376998663,2607.794820740819,3124.2663592398167,3205.811922289431,2541.853957518935,2002.7825089246035,1774.3375302553177,1810.145180016756,1153.9161888286471,664.8873983025551,481.15306428074837,384.0028014034033,318.64894883334637,292.8204801529646,241.701635889709,227.5644626915455,187.5499032586813,153.4543678984046,138.4366787225008,103.65629760175943,140.68688622117043,0.0,0.0,0.0,0.0,0.0,0.0,0.0,0.0,0.0,0.0,0.0
3,0.0,0.0,0.0,0.0,0.0,0.0,0.0,0.0,1367.95835159719,2417.9164205119014,2922.6384204626083,2372.9668993502855,2360.093269944191,2818.0266588181257,2618.8099483028054,2312.547386549413,2341.8646434322,2499.2691038176417,2387.517346031964,2049.557528682053,1571.8268777802587,1240.4661477729678,1027.9430808126926,965.7385689765215,1070.5126032605767,1194.3807181343436,1265.023407228291,1286.443395651877,1283.035670220852,1229.4316082820296,1208.7148012965918,1167.0107329264283,1126.4966639131308,1121.3580303266644,1109.7825820371509,1117.301214337349,1173.285274989903,1186.9702675938606,1236.67978618294,1272.1093124896288,1279.1952177509665,1293.367028273642,1281.845670863986,1280.1147627085447,1251.5547781437635,1254.205231256783,1261.8320453166962,1355.138813070953,1448.6078534647822,1705.4313510283828,2152.492473050952,2744.949880130589,2916.2556966394186,2536.429538279772,2506.895917877555,2978.297935836017,3544.8458114638925,2461.7841240763664,1249.8779608681798,683.6546305194497,397.8925122320652,274.34894263744354,204.4635258615017,152.5903720781207,152.91491735726595,107.26221475750208,109.64221347123384,88.76313384622335,47.870428673923016,80.3249565884471,0.0,0.0,0.0,0.0,0.0,0.0,0.0,0.0,0.0,0.0,0.0
4,0.0,0.0,0.0,0.0,0.0,0.0,0.0,0.0,1510.480219438672,2699.9860171601176,3333.325144343078,2781.620826739818,2847.6111519113183,3440.474113058299,3266.5998433940113,2914.1789580509067,2959.012480482459,3206.646819252521,3130.891815893352,2755.8966745249927,2276.849962361157,1921.8041635267437,1702.623887002468,1760.0569941923022,1947.9483019001782,2091.688564684242,2118.830170184374,2060.9770768359303,1990.156910840422,1826.3098107129335,1710.5511257462204,1557.9386553615332,1400.7063372321427,1344.90067640692,1276.337936013937,1259.8009810186923,1272.9255484752357,1287.3100744076073,1347.945576056838,1379.2870431430638,1397.188953153789,1411.678475625813,1403.226254183799,1408.8960673250258,1380.0745171904564,1376.9771192707121,1384.9568562842906,1439.2400672845542,1536.3093681931496,1791.9234439767897,2213.117062792182,2794.4304045774043,2891.3947089463472,2253.908218447119,1737.2202468179166,1470.6865309104323,1485.8060326203704,907.3800956755877,477.7867536880076,343.28618639335036,238.34214501082897,221.96268482506275,163.11212434992194,158.85976449400187,141.85032507032156,111.55882338061929,100.37669190764427,107.9364427626133,99.74671266973019,75.54501027986407,0.0,0.0,0.0,0.0,0.0,0.0,0.0,0.0,0.0,0.0,0.0
5,0.0,0.0,0.0,0.0,0.0,0.0,0.0,0.0,1050.1685940250754,1795.7585646808147,2030.9095589704812,1408.9238922670484,976.2262420393527,1088.9291419014335,1231.1979710385203,1550.972491018474,2503.3037362135947,3156.892463259399,3308.1356806121767,2996.2894545160234,2440.758306685835,2009.1067507900298,1714.9340131431818,1666.2080403156579,1822.1862109601498,1970.2360877208412,2064.8800959587097,2081.8378356546164,2050.840408872813,1813.3769955337048,1608.0672185011208,1360.1428618431091,1055.2338928952813,928.3811907544732,825.7538310363889,797.0688233040273,835.168680023402,881.362003415823,979.7499282099307,1059.1429822407663,1144.2620262987912,1190.3452344983816,1231.913719791919,1259.1672300174832,1280.3644046373665,1302.387443203479,1336.5782105773687,1435.6268265284598,1537.042919125408,1839.0338354632258,2315.116871666163,2976.1383742280304,3163.939835600555,2731.0770125836134,2632.6340301930904,3046.8323280252516,3608.1995810754597,2575.759533096105,1350.1774368919432,726.154639121145,434.4594933129847,286.354558955878,202.99735798314214,160.1625479720533,141.82836836576462,103.6183964535594,82.25604904443026,70.30855062231421,72.51085447892547,47.95516647771001,0.0,0.0,0.0,0.0,0.0,0.0,0.0,0.0,0.0,0.0,0.0
6,0.0,0.0,0.0,0.0,0.0,0.0,0.0,0.0,523.3292981423438,934.0254970826209,1156.624837052077,1007.8641399927437,1320.5532914586365,1652.9938632063568,1569.7378764487803,1510.6086245924234,1763.4184702672064,1924.4300482608378,1824.339517634362,1591.1977529153228,1429.8944872803986,1375.4739073477685,1432.728024367243,1795.2957624942064,2148.1544691324234,2427.4662205018103,2672.525508850813,2730.821367446333,2714.195171892643,2478.261539749801,2294.9983616918325,2084.8165813088417,1821.8393378518522,1708.9562206715345,1614.2410765774548,1571.9463685899973,1569.9462247639894,1594.1562989912927,1636.2009890004992,1673.4953374229372,1681.620921716094,1677.6623037271202,1645.6183328479528,1618.0330159142613,1538.6106381565332,1459.8549750074744,1385.2246084995568,1305.718891415745,1251.548329461366,1224.0046821907163,1252.048365417868,1335.9710667841136,1330.012304969132,1198.0028124526143,1356.1808533594012,1649.4102721847594,1865.9258413501084,1219.171001277864,646.0464558005333,424.36384841799736,302.6884323358536,263.0605827830732,213.76537140458822,183.05482974275947,166.26195553690195,141.96854198351502,128.0925441905856,111.50801829993725,74.7137058340013,74.79704516008496,0.0,0.0,0.0,0.0,0.0,0.0,0.0,0.0,0.0,0.0,0.0
7,0.0,0.0,0.0,0.0,0.0,0.0,0.0,0.0,157.0267837792635,304.0070399604738,482.0562933832407,593.2319644242525,1040.855665422976,1529.1080551221967,1673.7426462695003,1737.2968913391232,2158.8527299799025,2430.9498739130795,2267.815509479493,1803.1525436118245,1280.1134988814592,1021.2937041968107,886.8384141400456,934.2828087881207,1096.2664696201682,1272.8994724564254,1461.349316123873,1539.5529031977057,1576.7294810935855,1506.0497252605855,1406.8679263740778,1277.0154507234693,1156.280088223517,1121.758980177343,1149.5528979375958,1219.3917549848557,1383.3670182041824,1512.3343372382224,1724.3736047372222,1869.9818681627512,2022.0075170584023,2093.6609451696277,2149.91264815256,2170.7138286419213,2113.222906395793,2050.996396251023,1977.9709753841162,1876.4435114637017,1812.3581724241376,1784.1659341864288,1854.2260803878307,2037.4977578483522,2048.119637247175,1813.4646181948483,1957.3468262180686,2416.654594555497,2900.4369433410466,2087.4648488536477,1158.8027845807374,722.9516665823758,501.1756763011217,400.8431738130748,316.62052174657583,270.01702588424087,249.3928767181933,212.39333014562726,177.47390162199736,152.1584223881364,145.25420077890158,123.87766848877072,0.0,0.0,0.0,0.0,0.0,0.0,0.0,0.0,0.0,0.0,0.0
8,0.0,0.0,0.0,0.0,0.0,0.0,0.0,0.0,1419.8926548957825,2460.063893660903,2870.578268095851,2083.7590504288673,1445.604556068778,1436.3184861391783,1277.491648569703,1196.895569935441,1444.5533028692007,1690.0209249705076,1721.6461253911257,1577.6682392656803,1414.4173778146505,1278.3238906860352,1225.367010757327,1415.8628509640694,1625.2812487632036,1778.0633804351091,1832.0277113467455,1771.8434656709433,1685.8159121721983,1488.8811461180449,1327.5137799829245,1155.5900796353817,983.2721593379974,922.6060892790556,930.9723126590252,974.9059359580278,1114.810215935111,1226.024044007063,1403.9486480355263,1532.8147694170475,1672.7628516107798,1730.7131842374802,1793.3065518289804,1818.142408668995,1782.7940198332071,1750.7307972460985,1700.7086658328772,1630.318503677845,1625.0184354633093,1645.5616750717163,1783.3634486496449,1976.2246085554361,1906.3162707835436,1446.5682048350573,1238.2448624521494,1256.2475734949112,1361.066277936101,924.2705735117197,544.6805640310049,401.75393110513687,334.6489351987839,277.70605355501175,248.66518391668797,215.2878948301077,201.0083722025156,166.1856099665165,142.48861075937748,137.40755362808704,93.955754712224,131.3628477305174,0.0,0.0,0.0,0.0,0.0,0.0,0.0,0.0,0.0,0.0,0.0
9,0.0,0.0,0.0,0.0,0.0,0.0,0.0,0.0,737.7762624025345,1246.8501948714256,1373.3914295136929,903.7966999709606,525.9045400321484,498.47688326239586,507.20386496186256,610.4038866460323,964.816310107708,1173.917562097311,1168.515144854784,985.3177909255028,848.5950776338577,819.2280915975571,857.876153409481,1120.9323160648346,1389.6679430007935,1609.3662441968918,1761.118759304285,1788.2693690359592,1783.9751399457455,1701.9692166745663,1649.953635275364,1566.1469062566757,1492.8679646849632,1499.5863553583622,1559.4977773427963,1626.3353752791882,1801.567626863718,1923.3298000991344,2119.548364818096,2257.2407427430153,2380.6651982069016,2434.620108872652,2467.4501828849316,2468.9739415943623,2403.521578848362,2325.1865288317204,2252.046110779047,2174.126631319523,2123.149976313114,2167.2697171270847,2346.9347213208675,2715.130234926939,2821.100726991892,2588.1041679680347,2879.211343228817,3679.0461421608925,4539.06941011548,3487.6066388487816,1988.8514246046543,1173.5019915401936,746.6417676210403,519.740243434906,409.6833075582981,330.6556399464607,302.9509361386299,248.64971667528152,210.20944014191628,186.5911801457405,186.17560958862305,156.4623147547245,0.0,0.0,0.0,0.0,0.0,0.0,0.0,0.0,0.0,0.0,0.0
10,0.0,0.0,0.0,0.0,0.0,0.0,0.0,0.0,1077.0399538651109,1900.4270957112312,2304.9396281205118,1873.3823780827224,1861.2788534909487,2267.2970875240862,2195.4287907853723,2026.500650908798,2209.617133010179,2495.3529719375074,2523.903391189873,2310.557053409517,1946.4668184407055,1611.216560728848,1378.9331294484437,1388.3727203980088,1570.6784400865436,1792.0165787935257,2080.532174564898,2213.3813870698214,2299.0905564278364,2254.440712120384,2145.682725597173,1974.4381216838956,1808.579296655953,1739.6065799631178,1702.1956857703626,1727.6767901740968,1826.3002465367317,1909.519217055291,2050.5918768905103,2157.1492225788534,2255.946413744241,2301.233285661787,2321.5602575838566,2328.915030900389,2288.9560262672603,2250.328988455236,2209.617133010179,2220.562425583601,2258.3787009827793,2442.711326703429,2850.2931739613414,3504.1730599217117,3735.9931983947754,3272.468744650483,3071.1101082600653,3299.397639077157,3795.2367661334574,2726.0148783922195,1507.7285298891366,929.7128411307931,589.192627735436,449.97313912957907,344.0528210513294,290.4266786016524,251.79964078962803,195.97285750508308,195.62538789957762,171.01295750960708,129.89572085812688,137.1346709728241,0.0,0.0,0.0,0.0,0.0,0.0,0.0,0.0,0.0,0.0,0.0
11,0.0,0.0,0.0,0.0,0.0,0.0,0.0,0.0,545.3100248798728,980.8348676115274,1250.373330809176,1144.2040345221758,1467.4297935068607,1945.2432823106647,1939.2168058753014,1806.0488951578736,1925.8208096846938,2073.0734567567706,1939.8022350147367,1610.5155625864863,1296.4156107753515,1174.9562828466296,1174.8529718220234,1438.8470766991377,1744.6821465417743,2010.8802199438214,2209.4440092369914,2246.2916080132127,2256.829332523048,2189.9182255864143,2130.5832604542375,2032.403350070119,1922.3771088644862,1904.8142346814275,1886.5970573425293,1893.4844589829445,1958.6392785012722,1999.4471332207322,2087.5714372098446,2150.4878511950374,2177.3487175926566,2177.3831546008587,2130.342201396823,2093.666787661612,2011.4656490832567,1932.1572191938758,1860.0805610269308,1772.9549302756786,1742.0304969102144,1783.527091793716,1918.7956600114703,2126.278634428978,2090.6018939316273,1710.3140123561025,1698.6743035838008,1893.9321400895715,2122.593874551356,1407.4405252188444,776.7955940142274,522.4094144254923,405.73683063685894,339.4800268560648,280.07618770748377,253.86962446570396,229.41934864223003,198.28829322755337,180.24330092966557,163.23141887784004,130.65400911867619,119.56529247760773,0.0,0.0,0.0,0.0,0.0,0.0,0.0,0.0,0.0,0.0,0.0
12,0.0,0.0,0.0,0.0,0.0,0.0,0.0,0.0,96.07863906025887,185.22376808524132,267.9306377917528,299.27293315529823,484.0368255749345,710.47252830863,772.6972433701158,799.9006577432156,1024.8506083264947,1173.7088237777352,1099.0674657449126,909.9524420276284,804.4640393480659,831.8443289771676,957.4965108409524,1318.9234089553356,1608.220577672124,1804.304486475885,1835.0100309178233,1747.1737787872553,1636.6974938884377,1392.3266401961446,1220.227016106248,1028.0697379857302,781.1165055558085,668.9068431481719,530.908768415451,461.219917550683,395.5991975739598,357.78326784074306,327.89134957641363,310.69907469302416,288.8372930511832,283.9909110367298,276.52677523344755,283.7432856783271,308.25819616019726,366.3794052824378,437.2710078880191,590.975605353713,748.4299582466483,1097.192588031292,1595.7685596495867,2182.6406590640545,2318.3039804175496,1902.576378710568,1712.753853969276,1923.093908406794,2232.590231359005,1493.2516612708569,705.7322714477777,336.16911155730486,168.73899422585964,96.82151513546705,51.39994939416647,36.18867737799883,25.64691212028265,24.479535430669785,10.683265462517738,12.310517817735672,0.0,0.0,0.0,0.0,0.0,0.0,0.0,0.0,0.0,0.0,0.0,0.0,0.0
13,0.0,0.0,0.0,0.0,0.0,0.0,0.0,0.0,1238.6423036903143,2189.323472432792,2719.845234796405,2275.07493204996,2367.832081206143,2858.1848574467003,2615.2148066163063,2122.0870494544506,1725.8561670854688,1634.6002371162176,1441.0794364735484,1209.3457837998867,1030.0183281973004,958.5966880917549,977.111724730581,1229.043599192053,1541.6156305074692,1857.0081342346966,2203.6532919444144,2351.9100595265627,2445.986461907625,2362.3276108540595,2222.6232434883714,2046.2072432786226,1857.3265746682882,1808.0592904426157,1819.4321630708873,1880.2997773773968,2079.597997315228,2240.273941807449,2495.5721865668893,2659.387043904513,2845.6292060650885,2927.149957064539,2969.775483675301,2981.284830775112,2905.950922485441,2815.1499074213207,2709.7006324119866,2589.239165533334,2509.9474975690246,2486.018973559141,2603.7054595164955,2852.13448920846,2813.102790348232,2235.497335303575,2012.5890317894518,2082.736910160631,2298.5940326452255,1580.010448500514,953.7290986068547,690.6518089696765,560.3641801401973,480.5266142897308,408.2861273549497,362.29423044621944,330.8596105016768,299.9253969527781,229.50456963852048,234.00822719931602,204.75719879940152,194.97652833908796,0.0,0.0,0.0,0.0,0.0,0.0,0.0,0.0,0.0,0.0,0.0
14,0.0,0.0,0.0,0.0,0.0,0.0,0.0,0.0,702.5791419446468,1233.6614899635315,1507.452170997858,1282.1360580027103,1398.1403934061527,1717.802981108427,1601.4733130335808,1329.6346280276775,1118.9120091497898,1137.8742562830448,1132.1112203896046,1101.2510927021503,1135.2715949118137,1163.8543938994408,1259.0374383330345,1659.3825285434723,2057.7756227254868,2404.7196787297726,2707.5579197108746,2797.4891653060913,2833.8334723114967,2710.7182942330837,2578.168468683958,2396.3075053691864,2215.1436834931374,2170.7590118944645,2167.1803525090218,2216.2126336991787,2371.070985287428,2498.508440285921,2712.344957590103,2850.4719146490097,2979.628985196352,3035.4932524859905,3045.810945779085,3042.1858102977276,2934.3147916793823,2804.1352470219135,2650.9965109825134,2439.8091311454773,2335.5632480084896,2253.6258909106255,2274.8654667437077,2411.5051887333393,2350.8074074685574,1997.5426024198532,2055.637722313404,2324.5019371807575,2635.8453037142754,1812.660692870617,1048.547199934721,739.57411429286,591.361844420433,480.6557839512825,412.4753512442112,364.0472593009472,332.4435140788555,290.0573146045208,248.32178047299385,228.2905831336975,213.04642367362976,195.89674428105354,0.0,0.0,0.0,0.0,0.0,0.0,0.0,0.0,0.0,0.0,0.0
15,0.0,0.0,0.0,0.0,0.0,0.0,0.0,0.0,1449.676933027804,2604.584589935839,3303.4300131723285,2825.9201165661216,2946.604047343135,3567.4431229010224,3310.7243959978223,2771.484423838556,2407.146332412958,2463.3784030005336,2453.0900570750237,2313.9524264633656,2113.7379486113787,1872.8600082919002,1706.8311454728246,1787.7770205587149,1973.2394256815314,2085.4313883930445,2042.5904982164502,1935.1344407722354,1809.1702478006482,1570.9052207320929,1418.321974016726,1254.4161032140255,1059.4818875566125,980.2779546380043,900.1486149430275,868.3037346974015,848.3258354663849,863.8400078937411,872.6041544228792,889.80583332479,896.1203736811876,901.4550715684891,903.7413706630468,895.9570666030049,876.2513458356261,873.3662541210651,871.5698762610555,939.7777992486954,999.3848827853799,1183.2142171263695,1469.219346717,1856.9103503227234,1940.0336531177163,1574.389105066657,1372.2693779692054,1451.7454893514514,1650.3268964216113,1114.3530658259988,567.383225299418,329.22706961631775,203.8616692647338,171.85348194092512,133.36744718253613,118.17988891154528,99.72618907690048,81.00031077861786,77.29868367314339,53.45585025846958,67.22808051854372,58.1917555257678,0.0,0.0,0.0,0.0,0.0,0.0,0.0,0.0,0.0,0.0,0.0
16,0.0,0.0,0.0,0.0,0.0,0.0,0.0,0.0,889.3339631706476,1514.5768634229898,1693.6260563880205,1177.72270321846,827.9400998353958,922.5970933586359,993.9958825707436,1192.275322675705,1817.972992286086,2255.46111471951,2338.489006087184,2085.312407761812,1729.747736826539,1488.4601088613272,1342.4141778796911,1452.6632636785507,1677.0594583451748,1872.805183455348,2054.3231243640184,2107.985908612609,2088.755661472678,1914.1891950368881,1740.077497959137,1513.0826212465763,1271.7949932813644,1186.0384857654572,1122.7605779469013,1143.550034314394,1240.8057098835707,1329.2908335477114,1500.2841121703386,1611.897506043315,1729.3579345196486,1796.338964253664,1850.066715553403,1871.8306776881218,1853.3150681108236,1845.4540549218655,1830.7715013623238,1859.486937969923,1910.8109083771706,2104.6076219528913,2466.214228644967,3034.026255682111,3182.8657698631287,2806.4466755092144,2877.975398823619,3470.6698064506054,4257.615697011352,3202.5507863610983,1775.7444090396166,1022.7762862294912,600.1006514579058,424.4947122037411,310.54250448942184,247.1996296197176,214.13140058517456,175.54097220301628,149.55415174365044,141.56320445239544,126.10104627907276,100.56899517774582,0.0,0.0,0.0,0.0,0.0,0.0,0.0,0.0,0.0,0.0,0.0
17,0.0,0.0,0.0,0.0,0.0,0.0,0.0,0.0,1448.3815762773156,2567.946066632867,3150.4426499828696,2567.561485245824,2448.5335459560156,2850.7576041296124,2591.790112629533,2151.4444244652987,1933.9155774191022,2037.4160432070494,2070.5381151661277,1966.7972860112786,1765.7092932611704,1497.8964298591018,1288.3476465940475,1270.849193483591,1399.7801034897566,1509.4819441437721,1555.7278559356928,1544.094268977642,1509.8184528574347,1429.8735970258713,1384.3487753346562,1337.525991462171,1303.154029995203,1322.4792446941137,1350.5536859482527,1391.6558216884732,1474.5331105962396,1532.7010453864932,1629.5674822479486,1696.148134879768,1732.1064945682883,1763.353732265532,1749.3165116384625,1737.202197946608,1678.217027708888,1619.1837847977877,1555.0548385083675,1517.7504439651966,1494.8197787627578,1529.2878855764866,1666.1988593637943,1898.4379444643855,1912.1867290511727,1540.7291818410158,1413.2404520362616,1527.413051314652,1709.6084834262729,1183.8376546651125,672.3444098979235,460.7765743508935,338.768129311502,290.35894721746445,243.96881740540266,224.3551666662097,201.90522819757462,183.3491762727499,159.31283958256245,133.88239536434412,131.95948842912912,84.94441386312246,0.0,0.0,0.0,0.0,0.0,0.0,0.0,0.0,0.0,0.0,0.0
18,0.0,0.0,0.0,0.0,0.0,0.0,0.0,0.0,1575.7776610180736,2737.382255345583,3257.5297671556473,2457.5473823212087,1865.7112752832472,1921.5037037432194,1668.7234831787646,1429.5952646620572,1426.6030450351536,1505.3981618769467,1389.2002996988595,1145.0850484706461,865.7488787174225,744.1276184655726,686.714404374361,762.0185983181,947.9725805483758,1140.0356778502464,1347.7455902844667,1451.8498981371522,1498.8526814430952,1402.3535984754562,1287.8388598375022,1120.8979398198426,915.058164652437,830.0292569212615,752.9172636196017,735.5249870382249,769.3744715675712,797.364192660898,883.8892102055252,938.4348804876208,986.3103945180774,1028.3884830214083,1045.2197184227407,1067.2873381711543,1084.305587299168,1103.817352782935,1141.282436028123,1224.316530674696,1326.7377149872482,1615.2998952567577,2050.7925267890096,2683.646977879107,2875.273709818721,2571.625755596906,2670.7430307380855,3312.449464891106,4085.314859356731,3039.0353964827955,1628.5155319422483,866.621609441936,489.2279089987278,297.47650124132633,198.92026728019118,153.22658006101847,137.89145447313786,80.97694365307689,78.17173775285482,58.78464808687568,59.15867554023862,46.06771467253566,0.0,0.0,0.0,0.0,0.0,0.0,0.0,0.0,0.0,0.0,0.0
19,0.0,0.0,0.0,0.0,0.0,0.0,0.0,0.0,1426.3459160551429,2473.5877665504813,2899.3666898086667,2190.6186340749264,1778.765799254179,1985.6805197149515,1923.9115790650249,1933.2106123119593,2463.0308930575848,2905.0718937814236,2944.020018540323,2613.0283423885703,2142.7757818624377,1805.0905986875296,1588.4725391864777,1652.8020831942558,1856.796817369759,2016.0483770817518,2095.741541236639,2077.278243340552,2024.2243386805058,1919.7337525337934,1852.1697621792555,1737.39183973521,1605.6330739706755,1551.4111747965217,1454.0633243322372,1402.9860257729888,1335.646649748087,1298.2259024307132,1266.1958990246058,1240.1855596527457,1188.7488781660795,1151.777359507978,1099.3074521049857,1073.2521898671985,1035.3372910246253,1023.7022687494755,1022.3995056375861,1104.7431188821793,1201.1026662960649,1450.2898035943508,1848.0817813798785,2419.231098778546,2573.3165289089084,2211.7773039266467,2124.222638234496,2398.5216575860977,2804.6692884340882,1943.5428714752197,986.95536442101,536.7384020984173,316.4366675913334,233.82351715117693,176.5468630939722,144.42701395601034,141.01287614554167,95.28139863163233,82.38853611052036,77.98609524965286,62.12832357734442,66.44091870635748,0.0,0.0,0.0,0.0,0.0,0.0,0.0,0.0,0.0,0.0,0.0
20,0.0,0.0,0.0,0.0,0.0,0.0,0.0,0.0,536.7416130267084,999.4848544746637,1456.765506848693,1594.5128560736775,2434.90684318915,3197.022492028773,3111.1415813304484,2950.58651483804,3359.2107037082314,3690.6265459768474,3535.815645314753,3023.2333179861307,2302.5094523355365,1782.5498139895499,1425.848378997296,1328.1975598819554,1501.1420036554337,1751.8016321919858,2220.063778065145,2494.2632234357297,2682.2438660003245,2681.1175589747727,2601.431336916983,2467.6823776327074,2313.0404230244458,2256.8940178006887,2238.760474689305,2248.334084406495,2333.3702648356557,2387.3203713595867,2492.179555438459,2579.07414245978,2635.502124439925,2634.150556009263,2614.0459756031632,2588.985644284636,2518.366193782538,2465.0355561226606,2396.9502964280546,2379.886744990945,2409.959142573178,2606.781295288354,2969.114265408367,3485.582351975143,3553.8928730748594,2887.006483245641,2553.506972979754,2545.3412470445037,2741.769192300737,1787.618195604533,981.2386806607246,660.5227551348507,485.2130666077137,413.12941697239876,356.7014349922538,287.7151296772063,267.32897251471877,218.50356295704842,192.26060926169157,209.88731421157718,159.25981341302395,152.389340557158,0.0,0.0,0.0,0.0,0.0,0.0,0.0,0.0,0.0,0.0,0.0
21,0.0,0.0,0.0,0.0,0.0,0.0,0.0,0.0,963.253763794899,1721.8172437548637,2185.59933167696,1951.3807058930397,2315.670080602169,2990.942642390728,2889.350541651249,2524.6047783493996,2409.8230472803116,2440.9487493038177,2166.7504827976227,1714.7888594269753,1232.2948392033577,967.8176497220993,813.2388333678246,810.1353909373283,892.5135319232941,960.6979876756668,969.0042600631714,911.8187693953514,839.8462883234024,745.5107662081718,693.0260780453682,640.8608618974686,597.6408621668816,593.8528368473053,605.7645791172981,621.6012632846832,669.0656769275665,714.7501750588417,776.408273935318,822.2296886444092,869.2833525538445,875.2164042592049,905.338051378727,900.5916100144386,881.6058445572853,888.5885900259018,879.1413461565971,909.3999098539352,953.4870479106903,1078.446244597435,1313.8514807224274,1626.021278142929,1714.0586376786232,1525.661426603794,1606.8073183894157,1997.749786913395,2430.953839123249,1740.985564649105,899.4049996733665,489.70495998859406,295.55725264549255,195.97326171398163,156.8151204586029,109.48762339353561,91.73410713672638,91.68846827745438,56.40963006019592,76.49072813987732,41.211889922618866,69.96437126398087,0.0,0.0,0.0,0.0,0.0,0.0,0.0,0.0,0.0,0.0,0.0
22,0.0,0.0,0.0,0.0,0.0,0.0,0.0,0.0,1130.708396062255,2015.3845254331827,2530.849749967456,2203.2400738447905,2446.672263741493,3078.9459382742643,2965.5825900286436,2605.2119462937117,2538.3899726718664,2721.5653828531504,2700.7647684961557,2514.1442565619946,2271.687095463276,2028.6449170857668,1915.8665861189365,2132.0629715919495,2445.3072234243155,2712.7901236712933,2879.260040447116,2895.3805165737867,2856.314362734556,2645.968150049448,2486.843450218439,2251.4714983850718,1975.0833351165056,1873.160324767232,1731.0661279410124,1676.204507574439,1655.0788836181164,1649.7487261891365,1674.1894480586052,1707.7954406291246,1696.8751180917025,1691.154949143529,1671.0043539851904,1653.323831781745,1604.8323995620012,1565.7662457227707,1541.000514253974,1591.1819963902235,1636.878346055746,1826.2939405441284,2200.2499855309725,2798.5276559740305,3054.8302260041237,2810.4880092293024,2909.745940864086,3462.262259721756,4259.900818392634,3275.251736268401,1866.2701212614775,1070.2566105872393,616.6732137650251,410.16211435198784,306.939065605402,233.22688847780228,204.236032217741,178.62527579069138,126.16872645914555,149.30940993130207,105.88812746107578,133.51394340395927,0.0,0.0,0.0,0.0,0.0,0.0,0.0,0.0,0.0,0.0,0.0
23,0.0,0.0,0.0,0.0,0.0,0.0,0.0,0.0,1059.8134937286377,1887.552708864212,2395.372386455536,2105.1309192180634,2372.233551979065,2996.8448960781097,2854.079201936722,2404.8840022087097,2129.4129767417908,2198.4636487960815,2196.9088654518127,2078.196584224701,1920.6147193908691,1690.8268868923187,1551.993880033493,1680.9494397640228,1899.6251442432404,2099.2776172161102,2237.607605934143,2241.494564294815,2212.136596441269,2039.8300187587738,1863.3621091842651,1680.7665240764618,1469.1788024902344,1404.0150887966156,1393.5888946056366,1430.8122370243073,1556.3838565349579,1678.845909357071,1859.612337589264,1986.9216561317444,2134.5346159934998,2185.7052795886993,2240.808630466461,2248.9941074848175,2178.7087545394897,2120.770210504532,2035.62295794487,1933.647462129593,1882.3396117687225,1850.6951978206635,1947.7319700717926,2189.0892198085785,2223.980387210846,1961.8164780139923,2009.0087254047394,2426.9710714817047,2896.698557138443,2156.2101249694824,1238.9336807727814,761.2493627071381,536.5831694602966,394.41195130348206,341.04629945755005,291.1560456752777,238.61351442337036,221.32798194885254,152.64314126968384,195.079580783844,136.08927154541016,139.97622990608215,0.0,0.0,0.0,0.0,0.0,0.0,0.0,0.0,0.0,0.0,0.0
24,0.0,0.0,0.0,0.0,0.0,0.0,0.0,0.0,1076.8939501680434,1845.0955458544195,2129.236314125359,1421.9314206652343,1098.1135353930295,1223.0197302401066,1176.8978218585253,1212.1030427999794,1618.7386894151568,1996.701590705663,2170.1410104371607,2119.9417850598693,1955.2269468568265,1759.8226258903742,1646.79764508456,1805.8568500354886,1997.7538015432656,2114.5053623989224,2123.5368387550116,2071.93466559425,1999.2005914449692,1798.0091108717024,1679.5038652867079,1547.0568261034787,1410.5324699245393,1365.7258250899613,1357.6150332167745,1372.2144585885108,1447.272165004164,1506.6782352104783,1595.6777352243662,1670.209336221218,1722.1184042096138,1731.851354457438,1723.7844047024846,1714.8844547010958,1671.2615470588207,1630.4883771017194,1579.3246251232922,1558.9380401447415,1574.6335184723139,1690.6836054362357,1909.4996175393462,2188.905437041074,2209.7742853201926,1918.2680411860347,2042.8234990872443,2473.572310730815,2873.1932184286416,1958.4712636061013,1035.33162208274,603.3113890103996,399.4016971066594,310.53372344747186,240.95628181099892,202.98900742083788,177.64826308190823,149.6331495307386,123.72245765477419,117.9352980479598,88.69260518625379,57.34549064934254,0.0,0.0,0.0,0.0,0.0,0.0,0.0,0.0,0.0,0.0,0.0
25,0.0,0.0,0.0,0.0,0.0,0.0,0.0,0.0,1111.9625271968544,1972.6866591274738,2458.391247689724,2110.310617759824,2311.519602354616,2886.829105552286,2795.4435804337263,2501.2982164286077,2470.798082023859,2673.6727990061045,2659.887427523732,2427.1444056630135,2082.912191938609,1767.1697459444404,1527.648916438222,1496.6892696507275,1605.5937043614686,1670.6721455678344,1596.231139563024,1491.4048772491515,1374.4015367925167,1214.6061056926847,1131.0322910808027,1053.2598203010857,1034.075178321451,1063.0244584344327,1176.1219436377287,1284.9689393006265,1503.5245163440704,1670.2700722329319,1934.5471313595772,2091.9875614978373,2264.82165645808,2351.4397406056523,2409.1659836880863,2440.0681914277375,2389.1197559908032,2316.6316776126623,2247.704820200801,2168.094299890101,2122.3728178068995,2140.2938007339835,2303.593013752252,2651.903399873525,2719.681476328522,2427.316722806543,2543.1138432584703,3077.3544272482395,3764.268000405282,2832.3768881969154,1647.4667702391744,1004.034556299448,661.3531968668103,493.74605526030064,369.85002906247973,322.7500098310411,279.2686506137252,240.49729331955314,201.95569221675396,191.73154170066118,143.94225389510393,170.01958161592484,0.0,0.0,0.0,0.0,0.0,0.0,0.0,0.0,0.0,0.0,0.0
26,0.0,0.0,0.0,0.0,0.0,0.0,0.0,0.0,494.8179702758789,863.498263835907,1047.5034070014954,872.4552025794983,964.7046189308167,1233.3069906234741,1200.4766364097595,1105.4766640663147,1199.6303114891052,1272.9784712791443,1136.7906861305237,874.571014881134,631.746289730072,544.0811333656311,540.2726712226868,740.075879573822,1007.1619191169739,1318.6447534561157,1789.6950988769531,2050.680546283722,2242.478931427002,2310.9959864616394,2263.9544262886047,2136.935161113739,1964.0732960700989,1894.0046453475952,1812.8632435798645,1773.3328170776367,1780.2444705963135,1788.91930103302,1817.9411931037903,1855.9200239181519,1860.8569192886353,1845.0588541030884,1806.3042254447937,1770.3001527786255,1670.1517038345337,1564.502142906189,1479.622806072235,1345.1981978416443,1257.6388320922852,1149.2739787101746,1105.19455575943,1158.8656611442566,1181.9280152320862,1121.6978917121887,1311.2394104003906,1674.0306930541992,2003.4626684188843,1449.9661703109741,819.5598950386047,517.2103171348572,383.0325536727905,301.43272590637207,252.27535343170166,220.6792230606079,211.26385831832886,173.46134519577026,132.80248546600342,143.20522928237915,119.7902398109436,116.15809535980225,0.0,0.0,0.0,0.0,0.0,0.0,0.0,0.0,0.0,0.0,0.0
27,0.0,0.0,0.0,0.0,0.0,0.0,0.0,0.0,1545.7886167019606,2653.1570903137326,3050.7717867717147,2137.442497268319,1294.8326103538275,1220.298676468432,1244.7919826880097,1527.0672986283898,2453.747447669506,3110.298551477492,3289.2803752049804,3009.5146193280816,2422.980241291225,1904.2541761696339,1512.5620414614677,1314.3569876477122,1358.3746711611748,1438.9817404001951,1518.2336472049356,1527.9205490499735,1536.7542004734278,1502.7747572138906,1483.9530567377806,1451.5797319188714,1457.0505728572607,1478.6327894032001,1523.152384929359,1580.82207518816,1691.2427179813385,1748.2097314223647,1866.9119224250317,1938.4845754355192,1993.6948968321085,2011.763729289174,2002.3277834504843,1991.7876311838627,1923.0256854444742,1858.4798006117344,1798.049594283104,1756.8928092420101,1748.8120258376002,1813.9602050855756,2027.0720456764102,2385.336840339005,2454.8014628961682,2142.461617395282,2179.00081191957,2600.9080497920513,3111.4529491066933,2235.0141925364733,1237.765214510262,739.9688803181052,493.1285524740815,377.6887895539403,297.7342059314251,249.04874069988728,232.53583548218012,185.85801830142736,151.37666302919388,158.9555344209075,142.09129079431295,111.42446681857109,0.0,0.0,0.0,0.0,0.0,0.0,0.0,0.0,0.0,0.0,0.0
28,0.0,0.0,0.0,0.0,0.0,0.0,0.0,0.0,627.3489174097776,1075.1910827681422,1274.9294731244445,1014.8884710893035,1002.558940820396,1208.2939663529396,1118.5686119869351,952.8485165089369,928.1894559711218,1011.974218480289,1016.906030587852,959.9099747538567,1033.943199686706,1119.6894783750176,1266.242758616805,1746.1417026743293,2182.494987554848,2543.245834559202,2816.9614065289497,2885.6705161184072,2878.6090578734875,2694.1144503951073,2512.5340955257416,2270.8192589357495,1976.7039187029004,1848.8130638226867,1702.8202167749405,1628.8990784808993,1592.919267423451,1578.123831100762,1582.214993417263,1598.5796426832676,1591.6863143965602,1575.041448533535,1549.3736082464457,1529.9826197326183,1475.7887298688293,1455.052701689303,1435.381496578455,1454.8845717310905,1510.7597611770034,1701.4191337898374,2053.7634828835726,2577.8806059509516,2759.348874181509,2469.1005229875445,2520.828506797552,3033.232576109469,3672.798937149346,2738.332629404962,1496.1324548125267,843.6200869902968,497.32841639220715,337.32473949342966,247.31916853040457,205.45480893552303,169.1387379616499,149.46753285080194,135.62483295798302,98.07580895721912,102.44718787074089,92.07917378097773,0.0,0.0,0.0,0.0,0.0,0.0,0.0,0.0,0.0,0.0,0.0
29,0.0,0.0,0.0,0.0,0.0,0.0,0.0,0.0,379.1965264007449,666.1585577130318,826.2288437783718,738.7077347114682,940.9674466364086,1287.586157888174,1376.6321859620512,1415.6331448070705,1838.0357097387314,2258.9133556634188,2449.713070202619,2354.9832531027496,2123.9349187128246,1827.6385346911848,1619.0480984039605,1663.501797940582,1844.1353857666254,2002.357285156846,2081.3758155182004,2067.420496121049,2030.452762618661,1900.1877116896212,1798.0181382223964,1658.8346215859056,1502.5073185376823,1445.022492941469,1410.2266137823462,1403.0641154162586,1450.891120634973,1485.271112792194,1573.5777861960232,1626.903741773218,1672.1892153136432,1682.170503359288,1678.1040526740253,1679.351713679731,1649.9161558784544,1630.6005151234567,1620.4343884103,1662.3927659355104,1730.0899279117584,1938.9576222002506,2327.2112433090806,2889.53667954728,3028.350518848747,2441.8112171664834,1906.1025490500033,1638.2713198252022,1653.6129292286932,1054.9204851575196,596.4743800610304,408.5396648682654,320.18678179755807,269.9106642343104,220.6049496755004,196.5297132320702,176.65955647453666,150.08899801969528,123.37981056421995,133.1300502754748,97.87207444757223,90.94062441587448,0.0,0.0,0.0,0.0,0.0,0.0,0.0,0.0,0.0,0.0,0.0
30,0.0,0.0,0.0,0.0,0.0,0.0,0.0,0.0,728.1245564818382,1293.520037356764,1601.601635042578,1412.3380925618112,1705.2973923124373,2252.5649011284113,2307.700235836208,2265.2920524962246,2659.0823263674974,3046.203760776669,3077.763339076191,2765.220193862915,2359.735969103873,2068.0916517823935,1897.4726816006005,2082.979131426662,2405.431608516723,2679.088844753802,2892.585634857416,2954.671590976417,2928.043196786195,2692.0508144125342,2471.0868026576936,2164.648933008313,1804.343747422099,1654.6705687902868,1467.2855726368725,1394.304047819227,1368.3801085017622,1357.39061248675,1400.7380689904094,1430.6539192534983,1432.8142475299537,1449.345455210656,1449.0167096033692,1432.4385382644832,1405.105689201504,1385.4279164224863,1367.440835338086,1400.5502143576741,1453.33736615628,1631.235703356564,1946.314886111766,2417.7830506190658,2541.2505079843104,2164.3671510592103,2054.2373726181686,2305.399016585201,2701.443546049297,1925.2751672454178,1016.2465994395316,599.9137696400285,366.8331340737641,268.11552457138896,214.0603540018201,165.7347497306764,157.28129125759006,114.92007157579064,108.86175967007875,71.19690580666065,80.40178281068802,57.577444933354855,0.0,0.0,0.0,0.0,0.0,0.0,0.0,0.0,0.0,0.0,0.0
31,0.0,0.0,0.0,0.0,0.0,0.0,0.0,0.0,1011.847498588264,1773.0995204932988,2155.2829044647515,1782.4842098541558,1843.2015319690108,2296.4173061028123,2271.0139228329062,2153.300793349743,2411.3797507733107,2650.97248820588,2488.5202792696655,2044.0419745407999,1499.7704428583384,1169.60736284405,972.6502400077879,990.4487887956202,1162.3261383399367,1396.902921114117,1742.1138651035726,1924.1849289536476,2070.8611514642835,2104.7997479029,2051.404101539403,1946.9185299053788,1800.1614049002528,1749.3141871131957,1705.0605226270854,1681.9224092029035,1722.7377176731825,1757.4044365622103,1823.5017745606601,1880.6593869179487,1916.5800944715738,1918.885815564543,1906.4268314130604,1889.9227225370705,1811.0023391619325,1772.9377155043185,1721.928692728281,1694.9881620630622,1703.8065339624882,1808.0898493602872,2068.6363328658044,2467.6878869384527,2565.620356518775,2194.4397117979825,2056.6223124340177,2282.0571133308113,2640.1315539442003,1881.1043506376445,1037.291333105415,636.3385704122484,434.40594416484237,341.5703317373991,276.88878739252687,228.50909568741918,218.07267389819026,173.5763019286096,149.06284609809518,139.07138802856207,123.49765783920884,121.15148549899459,0.0,0.0,0.0,0.0,0.0,0.0,0.0,0.0,0.0,0.0,0.0
32,0.0,0.0,0.0,0.0,0.0,0.0,0.0,0.0,1190.249584749341,2064.6345131471753,2459.1639965474606,1921.705597549677,1701.951596826315,1928.6204896047711,1741.474328480661,1463.6098587438464,1389.449227437377,1546.2713665217161,1662.4923045486212,1652.7860799208283,1547.2229571714997,1315.2251567542553,1131.8219188526273,1122.1156942248344,1245.7590393200517,1371.6227625980973,1528.9524166956544,1588.0779157355428,1592.9627477377653,1458.7884661182761,1312.1800666749477,1124.907026797533,920.3150370940566,836.7653780430555,795.2125863358378,819.1926707103848,921.3300671204925,1009.3839219138026,1149.2043080553412,1236.3065721988678,1340.7912255451083,1391.2255299836397,1438.4244262129068,1468.3678119927645,1487.716821871698,1532.3147036582232,1558.0076512023807,1671.691014163196,1802.1858119368553,2135.115660607815,2654.4303978830576,3313.3752031698823,3461.442708276212,2978.09809756279,3000.238440014422,3521.456358589232,4157.499548904598,2924.87246055156,1526.1610841229558,836.7019386664033,495.9690466672182,340.2888163626194,235.61384488642216,202.24473276734352,159.93066854029894,148.1943838596344,122.62831506878138,99.98045760393143,74.35094943642616,94.58811058849096,0.0,0.0,0.0,0.0,0.0,0.0,0.0,0.0,0.0,0.0,0.0
33,0.0,0.0,0.0,0.0,0.0,0.0,0.0,0.0,1647.0552358590066,2508.2561312802136,2722.4117888510227,2170.3412001393735,2293.175079692155,2576.9788132980466,2120.1751034148037,1623.3359260484576,1329.5476780459285,1241.5865414589643,1081.6394913196564,900.1161490939558,802.170498110354,776.0646458342671,809.4275354035199,1058.7481656298041,1324.0440188907087,1553.7852599099278,1785.8643384464085,1882.9333003610373,1905.1427567750216,1798.0892804637551,1692.5456575490534,1556.0256875306368,1405.478692408651,1353.8027422875166,1339.6296023391187,1358.1374826841056,1419.6031274087727,1471.425192374736,1574.923207461834,1642.623085565865,1716.8007217906415,1726.9800559803843,1724.2038739286363,1729.1230737045407,1713.9758347906172,1728.5386143252254,1719.3820840492845,1772.0321331359446,1871.8772771023214,2147.060234863311,2599.6266142465174,3133.384142406285,3191.8787852860987,2573.277237229049,2272.524181623012,2335.743204485625,2520.1888436079025,1609.6985405310988,832.5136808864772,530.8352312631905,368.8425732962787,283.1705692782998,227.3059936054051,208.35976872593164,184.39693417400122,140.12413619086146,111.77785629406571,105.10527838021517,113.33641463890672,79.73000032827258,0.0,0.0,0.0,0.0,0.0,0.0,0.0,0.0,0.0,0.0,0.0
34,0.0,0.0,0.0,0.0,0.0,0.0,0.0,0.0,1377.2533679008484,2375.911113023758,2790.918350815773,2071.884774327278,1570.298807501793,1678.128291964531,1585.1615602970123,1565.358752131462,1969.9748389720917,2370.9284709692,2520.620666027069,2364.029428124428,1995.9527163505554,1586.0132939815521,1260.9491332769394,1094.5203713178635,1180.9713402986526,1372.3558992147446,1715.689747452736,1935.05375790596,2107.5724157094955,2160.166970729828,2097.394198179245,1970.6136392354965,1813.6817078590393,1757.5098713636398,1751.5051488876343,1772.4152108430862,1876.965520620346,1966.7808376550674,2120.0077275037766,2217.403474330902,2319.9522099494934,2355.341744542122,2368.3306832313538,2366.96790933609,2302.7046028375626,2242.061164498329,2176.520257472992,2109.786923289299,2083.979392647743,2149.7332330942154,2356.4064116477966,2708.726050257683,2727.762298107147,2108.892602920532,1624.043202996254,1351.4458372592926,1346.8038886785507,876.6043081283569,567.2546339035034,467.2185126543045,405.3400604724884,363.3921765089035,310.45692801475525,281.4979827404022,260.58792078495026,213.78515481948853,180.6953011751175,194.8340803384781,152.11963605880737,149.26632821559906,0.0,0.0,0.0,0.0,0.0,0.0,0.0,0.0,0.0,0.0,0.0
35,0.0,0.0,0.0,0.0,0.0,0.0,0.0,0.0,858.9246263168752,1575.489818137139,2063.2424775883555,1954.6259491704404,2568.4429440647364,3433.7598600424826,3411.648825313896,3064.8409133031964,2955.5956350825727,3058.7106027267873,2844.044940918684,2380.8659195899963,1787.1689183823764,1373.0323816649616,1085.746117644012,964.9737597070634,1087.8419503197074,1280.3441815823317,1675.251453500241,1956.0406362265348,2174.0072344988585,2286.4486575499177,2278.0129310302436,2192.6601453125477,2086.7681993730366,2091.0646563582122,2128.78964452073,2201.410246733576,2429.2796543985605,2562.4698209390044,2807.0010983757675,2981.6887518949807,3131.1740174889565,3187.499520648271,3207.0431603491306,3211.86357550323,3087.9474685527384,2935.370849762112,2794.006935786456,2550.837949588895,2393.074144925922,2217.181387618184,2092.0601768791676,2157.659739628434,2103.010902609676,1774.5415265113115,1795.8666239865124,1973.7504223361611,2269.2628296092153,1690.341448765248,1006.9428090378642,754.1329925321043,597.6266874745488,511.64515195414424,450.8136085420847,390.03446094691753,403.8145607896149,310.23563181981444,248.14658880233765,272.61543529108167,221.6343054547906,198.5277502052486,0.0,0.0,0.0,0.0,0.0,0.0,0.0,0.0,0.0,0.0,0.0
36,0.0,0.0,0.0,0.0,0.0,0.0,0.0,0.0,1659.125663626939,2968.210662793368,3725.8266924507916,3099.653575938195,2998.9109971784055,3480.7925420813262,3179.417592868209,2677.865092970431,2412.7620203085244,2502.1341048516333,2497.131087396294,2336.9776763543487,2114.5708094760776,1888.3548270352185,1738.4348607882857,1846.340850904584,2044.8128274567425,2148.3411772996187,2051.6919764578342,1908.1394869722426,1750.3170272447169,1503.236187916249,1347.5741220898926,1182.986218303442,976.6117482706904,885.0224173553288,789.3965609930456,709.2914292365313,654.3150896988809,625.377181917429,593.4829456396401,567.8993336521089,541.4060821272433,526.9087020009756,507.7494192458689,499.79007329419255,492.5698094666004,512.1270595192909,553.8567732945085,634.700987175107,728.0527446940541,942.4434131495655,1274.632401689887,1693.3508512191474,1776.5260164141655,1394.2500008493662,1068.0873742438853,957.8504328131676,1015.0440187230706,628.6746252402663,312.5748860165477,169.53406877070665,98.58218485862017,90.7365438491106,61.23011135682464,43.77640273422003,32.23535110428929,37.010958675295115,34.96426971629262,26.891218822449446,0.0,5.855804521590471,0.0,0.0,0.0,0.0,0.0,0.0,0.0,0.0,0.0,0.0,0.0
37,0.0,0.0,0.0,0.0,0.0,0.0,0.0,0.0,56.895503863692284,126.99609367921948,222.48806538432837,295.37073562294245,552.1450034044683,817.9316443875432,857.6644549369812,827.2183072082698,973.3754899986088,1209.5780363418162,1425.0129400901496,1537.9418947286904,1607.337168380618,1518.0754894539714,1484.4946032203734,1741.3472394645214,1974.0623892210424,2068.966597456485,1991.0683456100523,1886.2505268529058,1744.7954518198967,1455.3807193562388,1284.7725762277842,1115.9669077396393,942.6158684194088,918.6351188570261,945.6330542303622,1021.219436429441,1197.705214254558,1317.334672447294,1522.111465279013,1662.7436714544892,1798.438664484769,1862.4656984470785,1904.784668263048,1926.8845747224987,1916.657490350306,1904.6671155691147,1871.9090981930494,1861.4077242016792,1894.7143208160996,2046.200559064746,2304.463827636093,2567.938598971814,2448.4658777043223,1834.9191838353872,1596.0129255317152,1631.435470636934,1753.455166939646,1142.7297377251089,642.2687354199588,451.28479200974107,354.5781091339886,289.88494323939085,252.3464496433735,202.58247587829828,203.83637128025293,159.1271633543074,145.84370893985033,132.8737283758819,105.24884530156851,99.21447367966175,0.0,0.0,0.0,0.0,0.0,0.0,0.0,0.0,0.0,0.0,0.0
38,0.0,0.0,0.0,0.0,0.0,0.0,0.0,0.0,1180.1777276992798,1684.6480625271797,1607.508583188057,1035.868276655674,747.5143448710442,756.755184173584,661.200268805027,616.5196515321732,773.1833429336548,988.2398647665977,1153.1838781237602,1226.381924211979,1301.5010049939156,1281.3632619976997,1310.0462972521782,1534.5423861145973,1700.910614848137,1749.863878250122,1596.8766497969627,1443.4919658899307,1301.202913403511,1086.510725736618,989.2666246891022,912.4583582282066,856.3508966565132,888.7766374349594,1002.3164120912552,1114.067637205124,1335.9471443295479,1482.9062983989716,1713.7616745233536,1863.4036529064178,2016.6889729499817,2083.4946104884148,2120.5242102742195,2135.0313343405724,2097.736764252186,2049.1478350162506,1985.985539138317,1911.893218278885,1884.568155825138,1923.6512754559517,2048.0879538059235,2170.6035974621773,2024.0087775588036,1500.5599448084831,1281.0651704072952,1261.8879447579384,1326.5738198757172,889.0084864497185,551.5688061118126,435.2137219905853,363.47301256656647,309.18722182512283,273.7143225669861,239.69875997304916,218.16992288827896,180.37853348255157,159.77709245681763,143.21644854545593,124.99974024295807,115.85826480388641,0.0,0.0,0.0,0.0,0.0,0.0,0.0,0.0,0.0,0.0,0.0
39,0.0,0.0,0.0,0.0,0.0,0.0,0.0,0.0,1078.1624316424131,1903.0465163737535,2375.067691370845,2054.2198511064053,2274.303343743086,2818.023258909583,2630.1157154887915,2185.712230235338,1831.1332698762417,1622.0432265549898,1309.9365191608667,1010.9146977812052,757.582724288106,641.2130412906408,591.7693326622248,716.8801485300064,901.8382299393415,1125.139317497611,1407.161512374878,1563.05398632586,1634.1092075109482,1537.9031193554401,1425.6090565919876,1283.2841078937054,1154.633937612176,1124.3349187672138,1176.2990767508745,1244.0294498503208,1411.1298794448376,1544.338309198618,1748.8164664655924,1889.4253645390272,2036.6303322017193,2094.922426864505,2137.82369248569,2163.296318948269,2162.867306292057,2151.283964574337,2121.3603318035603,2133.8553254157305,2206.5729706436396,2441.242893591523,2831.1081449240446,3344.100028589368,3386.8940410465,2824.4048221707344,2736.7789871394634,3078.1658083200455,3514.4180531054735,2392.657210275531,1269.555702894926,779.0869836807251,519.6952064186335,382.4111564308405,306.7440491914749,257.56847347319126,232.14947359263897,183.45653711259365,157.0186321735382,136.5869044214487,125.16444244980812,116.04792350530624,0.0,0.0,0.0,0.0,0.0,0.0,0.0,0.0,0.0,0.0,0.0
