rmv,LEDs_temp,drivers_temp,board_temp,micro_temp,integration_time,input_power,dimming_level,led,intensity
0.05344348,22.37,22.8,25.88,31.62,368,6246,100,9,3900
0.000267176,22.88,22.88,26.19,31.62,1004,1444,100,7,195
0.000262752,23.42,22.97,26.35,31.32,46,16105,100,6,3770
0.015324932,26.74,23.05,26.31,31.62,813,2647,100,9,1105
0.014362219,22.33,23.17,26.39,31.62,833,2507,100,1,1170
0.040287696,22.16,23.21,26.31,31.32,430,4612,100,0,3445
0.027447101,22.88,22.97,26.39,31.62,737,15173,100,7,3185
0.039080381,25.76,23.42,26.35,31.32,431,4437,100,0,3315
0.002231088,23.17,23.63,26.39,31.32,908,2645,100,6,455
0.031681541,22.46,23.26,26.66,31.62,539,3903,100,0,2665
0.025273018,22.75,23.42,26.27,31.32,790,13958,100,7,2925
0.018320555,25.44,23.67,26.47,31.62,826,2905,100,8,1950
0.032056753,23.17,23.75,26.55,31.62,778,4449,100,9,2535
0.022491623,24.96,23.63,26.39,31.62,793,17943,100,6,4095
0.020504901,28.23,23.63,26.43,31.62,800,11205,100,7,2340
0.023521889,25.56,23.87,26.55,31.91,741,8502,100,4,3705
0.045259207,24.32,23.79,26.63,31.32,376,4958,100,0,4030
0.014781663,23.5,23.79,26.59,31.62,824,6823,100,5,2860
0.000476379,24.24,23.83,26.78,31.91,965,1356,100,2,195
0.000359084,21.91,23.13,26.59,32.5,15015,1304,100,1,0
0.041463353,21.91,23.09,26.51,31.62,26,5019,100,1,3835
0.015325717,22.5,23.21,26.39,31.32,813,4633,100,3,2470
0.006870109,23.33,23.21,26.51,31.32,825,4397,100,7,910
0.010697547,22.92,23.17,26.7,31.91,788,6266,100,7,1300
0.013646595,23.66,23.42,26.63,31.91,833,6169,100,5,2535
0.015569322,23.91,23.63,26.63,32.5,814,8742,100,7,1820
0.030113485,24.28,23.63,26.66,31.62,586,3892,100,1,2730
0.013563561,22.84,23.42,26.63,31.32,835,4638,100,4,1755
0.007292669,23,23.59,26.63,31.62,822,2694,100,4,845
0.013921421,22.67,23.42,26.66,31.62,821,2542,100,9,975
0.035458688,22.79,23.42,26.55,31.91,531,4425,100,1,3250
0.018582702,23.25,23.34,26.59,31.91,802,5361,100,3,3055
0.028868385,23.87,23.46,26.98,31.91,694,3988,100,8,3380
0.000334109,22.67,23.42,26.94,31.91,2187,1305,100,8,65
0.028757516,21.91,23.13,26.66,31.62,638,3824,100,1,2600
0.018664649,22.25,23.26,26.47,31.62,802,4460,100,2,2275
0.008729725,22.63,23.17,26.55,31.32,845,3990,100,5,1430
0.015586,24.24,23.17,26.43,31.62,810,12547,100,6,2860
0.0280206,26.04,23.42,26.59,31.62,785,3838,100,9,2015
0.027076937,23.09,23.26,26.59,32.2,597,3505,100,0,2210
0.016779499,22.58,23.26,26.66,31.91,816,5688,100,4,2275
0.016854944,23.46,23.42,26.51,31.62,810,9319,100,7,1950
0.019715665,24.36,23.5,26.74,31.32,804,6609,100,4,2795
0.008957781,23.71,23.46,26.63,32.5,827,2622,100,2,910
0.010825624,22.5,23.59,26.7,31.91,850,2961,100,2,1170
0.047622934,22.79,23.63,26.7,31.91,670,5846,100,9,3575
0.018469542,23.83,23.59,26.74,31.62,803,5371,100,3,2990
0.026430529,24.4,23.54,26.94,31.91,738,14530,100,7,3055
0.011318478,26,23.75,26.86,31.32,803,3936,100,4,1430
0.011765842,23.13,23.83,26.9,31.91,811,2121,100,0,910
2.65E-05,22.58,23.83,26.78,32.2,1611,1314,100,4,0
0.020613916,22.12,23.38,26.94,32.2,804,3136,100,1,1820
0.002862087,22.29,23.3,26.82,31.91,958,1903,100,5,390
0.004237325,22.16,23.38,26.82,31.91,984,1621,100,8,260
0.007863463,22.25,23.3,26.66,31.91,798,2397,100,2,780
0.016042279,22.75,23.46,26.86,31.32,810,4776,100,3,2600
0.024715552,23.83,23.3,26.9,31.91,792,13330,100,7,2795
0.009894398,25.72,23.5,26.7,31.32,803,3335,100,3,1495
0.040073998,23.46,23.63,26.82,31.32,774,5068,100,9,2990
0.018405739,23.17,23.75,26.98,32.2,804,4449,100,2,2210
0.001296266,22.92,23.71,26.9,31.91,1059,1474,100,4,195
0.037986044,22.21,23.34,26.82,32.2,479,4657,100,1,3445
0.00051392,22.58,23.34,26.82,31.91,1111,1629,100,6,195
0.045171153,22.12,23.21,26.66,31.91,376,5022,100,0,3965
0.007293753,22.92,23.3,26.78,32.2,824,6399,100,6,1365
0.024778603,23.83,23.3,26.66,31.62,740,8756,100,4,3835
4.81E-05,23.71,23.26,26.82,31.91,1140,1305,100,6,0
0.029274836,22.12,23.21,26.66,31.62,542,3693,100,0,2470
0.007431629,22.5,23.26,26.51,31.91,817,4659,100,7,975
0.015227124,23.17,23.46,26.7,31.91,824,5232,100,4,2015
0.033107899,23.04,23.5,26.63,31.32,487,3998,100,0,2795
0.009326986,22.63,23.34,26.7,31.62,806,2111,100,9,650
0.018183133,22.59,23.5,26.74,32.2,808,8384,100,5,3640
0.015972206,24.64,23.3,26.66,31.91,816,7439,100,5,3185
0.009072705,24.28,23.54,26.7,31.91,833,3253,100,4,1105
0.033789046,22.84,23.46,26.51,31.62,533,4287,100,1,3055
0.0183357,23.13,23.5,26.66,31.62,806,8581,100,5,3770
0.011465274,24.6,23.67,26.66,32.2,832,2299,100,8,1105
0.01592732,22.84,23.63,26.66,32.2,818,7360,100,5,3120
0.011163749,24.16,23.67,26.86,31.91,795,3040,100,2,1235
0.03722265,23,23.59,26.9,32.2,726,4701,100,9,2730
0.015064809,23.58,23.75,26.7,31.91,822,6921,100,5,2925
0.023899091,24.11,23.63,26.82,31.91,789,5506,100,2,3055
5.49E-05,23.33,23.67,26.94,32.5,1239,1309,100,0,0
0.009339153,22.12,23.46,26.78,32.2,817,2126,100,9,585
0.028269811,22.75,23.54,26.98,32.2,636,15527,100,7,3250
0.023709368,26.11,23.79,26.9,32.2,790,5480,100,2,2990
0.00880886,24.32,23.91,26.78,32.2,804,7529,100,6,1625
0.016592596,26,23.71,26.78,31.62,807,13254,100,6,3055
0.004096617,26.58,23.75,26.86,31.62,856,1650,100,9,260
0.022334879,23.13,23.63,26.98,31.91,646,12097,100,7,2535
0.023885425,26.15,23.95,27.01,32.2,789,6682,100,3,4095
0.011175374,25.96,23.87,26.94,32.2,835,9218,100,6,2015
0.022002777,25.48,23.99,27.09,32.5,758,3103,100,0,1755
0.016897384,23.09,24.08,27.13,32.2,787,2744,100,8,1690
0.035804316,22.92,23.83,27.13,31.91,485,4097,100,0,2990
0.023113349,23.04,23.91,27.13,31.91,791,5354,100,2,2925
0.008244543,23.62,23.71,27.13,31.91,824,3019,100,3,1235
0.025427096,23.17,23.79,27.36,32.5,645,3532,100,1,2210
0.014459818,23.04,23.67,27.29,32.2,820,3686,100,2,1690
0.002760922,22.88,23.79,27.28,31.91,1055,1522,100,8,195
0.005102245,22.42,23.67,27.09,32.5,849,1653,100,0,325
0.029862039,22.75,23.54,27.09,32.79,684,16364,100,7,3445
0.00986257,26.47,23.79,27.01,32.79,819,3513,100,4,1235
0.000381467,23,23.87,26.98,32.2,1278,1329,100,9,65
0.03777409,22.75,23.42,26.82,31.91,429,20538,100,7,4095
0.00928977,26.93,23.75,26.86,32.79,828,4282,100,5,1625
0.024718873,23.58,23.59,26.82,31.62,788,5667,100,2,3120
0.008203937,23.21,23.71,26.86,32.5,850,3034,100,4,975
0.030824069,22.67,23.63,26.86,31.91,540,3822,100,0,2600
0.01003606,22.63,23.59,26.9,32.2,812,2814,100,2,1040
0.012303782,22.54,23.59,26.78,31.91,813,2440,100,8,1300
0.001290933,22.33,23.5,26.7,32.2,888,1873,100,7,325
0.011839504,22.25,23.3,26.82,32.2,798,5358,100,5,2145
0.025600752,23.46,23.21,26.66,32.2,689,9116,100,4,3900
0.028398108,23.91,23.34,26.7,31.62,594,3588,100,0,2340
0.000193552,22.54,23.38,26.78,31.62,2290,1392,100,3,65
0.019969966,21.74,23.13,26.63,31.91,798,4671,100,2,2470
0.012016583,22.54,23.01,26.51,31.32,845,5492,100,5,2210
0.04931096,23.58,23.26,26.51,31.62,668,6365,100,9,4030
0.01397779,23.54,23.13,26.51,31.32,821,7911,100,7,1625
0.025568888,23.83,23.46,26.39,31.32,754,3514,100,8,2795
2.45E-05,22.67,23.21,26.43,31.03,1154,1300,100,7,0
0.028014284,21.82,23.13,26.35,31.62,341,3679,100,1,2405
0.023873774,22.12,23.13,26.19,31.32,748,3424,100,1,2080
0.010037342,21.95,23.05,26.43,31.91,809,2140,100,8,910
0.016026402,21.87,23.09,26.43,31.91,809,4077,100,2,2015
0.005632068,22.46,23.05,26.39,31.91,845,3804,100,7,780
0.001414585,22.5,23.34,26.51,31.91,1046,1419,100,1,130
0.014021435,21.95,23.09,26.43,31.62,829,6502,100,5,2665
0.019785542,23.17,23.13,26.39,31.62,817,3148,100,8,2210
0.012529042,23.33,22.97,26.39,31.91,825,10233,100,6,2275
0.00690564,25.16,23.13,26.43,31.62,785,3249,100,5,1105
0.025448203,22.84,23.21,26.59,31.91,648,3390,100,0,2145
0.001868861,22.63,23.26,26.43,31.32,834,2106,100,7,390
0.026130313,22.46,23.3,26.51,32.2,588,9300,100,4,3965
0.002861256,23.66,23.38,26.55,31.62,933,1694,100,4,325
0.033693437,22.16,23.3,26.63,31.62,587,4411,100,8,4030
0.045479339,22.63,23.34,26.63,31.62,376,5024,100,0,4095
0.008819844,22.71,23.26,26.63,31.62,838,4029,100,5,1495
0.008526366,23.13,23.42,26.51,31.32,821,2033,100,8,845
0.015189434,22.59,23.54,26.55,32.2,815,4554,100,3,2405
0.005961246,23.42,23.34,26.7,31.62,873,1802,100,8,520
0.011940832,23.21,23.34,26.86,31.32,827,9840,100,6,2210
0.013582729,25.2,23.46,26.86,31.91,847,2381,100,0,1040
0.024087077,22.54,23.46,26.82,31.91,740,8683,100,4,3770
0.015924141,25.04,23.5,26.66,31.62,809,12738,100,6,2925
0.023823224,27.09,23.5,26.86,31.32,740,6666,100,3,3965
0.027142804,25.48,23.46,26.82,32.2,738,14921,100,7,3120
0.031497207,26.31,23.99,26.94,31.91,640,4269,100,8,3770
0.031754382,23.5,24.08,26.78,32.2,642,4163,100,8,3575
6.48E-05,23.13,23.99,26.98,32.2,1042,1313,100,5,0
0.002913493,22.25,23.59,26.98,32.2,815,2547,100,7,520
0.014313048,23.66,23.63,26.7,32.2,816,11460,100,6,2600
0.005177783,25.88,23.71,26.86,32.2,821,4813,100,6,975
0.001136397,23.42,23.54,26.94,32.2,951,1412,100,9,130
0.005546333,22.37,23.42,26.98,31.91,845,2303,100,4,585
0.010549203,23.17,23.59,26.94,31.91,837,8814,100,6,1950
0.01814156,25.08,23.63,26.74,31.91,806,9978,100,7,2080
0.009031403,24.88,23.67,26.86,32.2,819,2615,100,2,975
0.012293848,22.67,23.75,26.98,31.91,836,3241,100,2,1365
0.015412951,22.88,23.75,26.98,32.2,821,7135,100,5,2990
0.005379792,24.07,23.99,26.66,31.91,861,2327,100,3,715
0.034300059,22.75,23.63,27.09,32.2,486,3996,100,0,2860
0.010776796,23.29,23.46,26.98,32.2,795,3514,100,3,1625
0.016761184,23.71,23.83,27.05,32.2,809,4930,100,3,2665
0.018877398,24.24,23.75,27.09,32.5,804,10339,100,7,2145
0.019472815,24.88,23.83,27.13,32.2,805,6568,100,4,2730
0.017189262,23.87,23.87,27.13,31.91,825,2676,100,0,1365
0.02141295,22.88,23.63,27.09,31.62,749,7204,100,4,3055
0.013157051,24.56,23.79,26.98,32.2,821,10724,100,6,2405
0.012632651,26,23.79,27.09,31.62,841,4352,100,4,1625
0.025470469,23.66,23.79,27.05,32.5,837,5822,100,2,3250
0.01742799,24.32,23.75,27.09,32.2,806,5099,100,3,2795
0.019671546,24.24,23.91,27.28,32.2,824,3001,100,8,2015
0.030888885,23.58,23.87,27.32,32.5,633,16993,100,7,3575
0.000942855,26.39,24.04,27.28,32.5,1136,1397,100,2,130
0.036892753,22.25,23.63,27.05,32.79,383,4308,100,0,3120
0.016416576,22.92,23.54,27.05,32.5,812,9137,100,7,1885
0.042554241,24.32,23.71,27.05,32.2,425,5101,100,1,4030
0.02212574,24.68,23.71,27.05,31.62,794,17396,100,6,3965
0.024288639,28.16,23.63,26.82,32.5,696,3399,100,1,2145
0.020835001,23.13,23.91,27.09,32.2,796,4884,100,2,2600
0.022615764,23.54,23.83,26.98,32.5,745,7837,100,4,3380
0.019883523,24.28,23.87,27.17,32.2,803,9452,100,5,4030
0.017149288,25.48,23.71,26.94,32.2,804,2980,100,9,1300
0.030005192,23.5,23.91,27.13,32.2,643,4021,100,8,3510
0.028881019,23.13,23.91,27.13,32.2,696,3882,100,8,3250
0.006271911,23.13,23.83,27.21,32.2,841,1809,100,1,390
0.017463725,23,23.75,27.13,32.2,812,7994,100,5,3445
0.006741622,24.52,23.79,27.09,32.2,808,1877,100,1,455
0.032182857,22.54,23.71,26.98,32.2,584,4116,100,1,2925
0.029081741,22.92,23.79,27.25,32.2,784,3975,100,9,2080
0.006728227,23.04,23.63,27.21,32.2,836,2610,100,4,780
0.008524134,23.33,23.63,27.17,31.91,809,7249,100,6,1560
0.014533328,25.6,23.67,27.17,31.91,815,11739,100,6,2665
0.019740401,26.07,23.67,27.21,32.2,808,2982,100,1,1690
0.010796325,23.09,23.83,27.21,32.5,858,3758,100,4,1365
0.000606752,23.04,23.79,27.25,32.2,1666,1450,100,5,130
0.00338226,22.42,23.42,26.94,32.2,854,3480,100,6,650
0.004521593,22.92,23.46,26.98,31.91,860,2348,100,5,650
0.029586749,22.58,23.46,26.74,31.91,730,6878,100,2,4030
0.021799713,23.42,23.5,26.78,31.91,744,5059,100,2,2730
0.004562099,23.04,23.59,26.9,32.5,861,1688,100,8,390
0.013472275,22.37,23.59,26.9,32.2,807,2510,100,8,1365
0.010065914,22.54,23.59,26.94,31.62,819,4519,100,5,1755
0.012035698,23.75,23.42,27.01,31.62,783,3823,100,3,1885
0.000829828,23.33,23.59,26.94,31.91,920,1683,100,7,260
0.045274112,22.54,23.42,26.9,31.91,122,5382,100,9,3250
0.015227901,23.25,23.34,26.9,31.91,816,8538,100,7,1755
0.033069436,24.44,23.59,26.82,31.91,631,18237,100,7,3835
0.025189158,26.58,23.83,26.66,31.91,789,3552,100,9,1820
0.019076891,23.21,23.79,26.9,31.62,806,6426,100,4,2665
0.013417638,23.75,23.91,26.94,32.5,826,3460,100,2,1560
0.020978946,23.09,23.63,26.78,32.2,742,3418,100,9,1690
0.000620574,23.09,23.67,26.82,31.91,1346,1407,100,3,130
0.023588603,22.75,23.42,26.94,32.2,42,6441,100,3,3770
0.020615071,24.32,23.59,26.82,31.91,806,3145,100,1,1755
0.018784093,23.91,23.46,27.01,31.91,800,14875,100,6,3445
0.008846833,26.97,23.46,26.94,31.91,804,5331,100,7,1105
0.018172557,23.91,23.75,26.98,32.2,807,8532,100,5,3705
0.005524446,24.76,23.79,26.98,31.91,856,1773,100,9,325
0.017217984,22.71,23.75,27.05,31.62,807,2848,100,9,1235
0.014103358,23,23.87,27.05,32.5,821,4344,100,3,2210
0.011746187,23.75,23.63,27.05,32.79,799,4085,100,4,1495
0.018621989,23.46,23.63,27.05,31.62,805,8789,100,5,3835
0.025598304,24.96,23.75,26.98,31.91,688,9434,100,4,4030
0.002109775,24.44,23.67,27.17,32.2,1005,1624,100,5,325
0.010136808,22.59,23.79,27.09,32.2,806,2842,100,2,1105
0.012013192,22.75,23.83,27.09,32.2,825,2318,100,8,1170
0.021898797,23.04,23.75,27.13,31.91,747,11827,100,7,2470
0.032646358,25.2,23.95,27.09,31.91,538,3930,100,0,2730
0.009497538,22.88,23.87,27.13,32.5,797,2109,100,1,650
0.019380398,23.09,23.95,27.01,32.2,801,5564,100,3,3120
0.015222149,24.24,23.79,27.32,31.91,822,5256,100,4,2080
0.041583754,23.46,23.83,27.32,32.2,427,4923,100,1,3770
0.034201808,23.33,23.79,27.4,31.91,779,4430,100,9,2470
0.002118147,23.58,23.71,27.25,32.2,987,1594,100,4,260
0.021805821,22.54,23.67,27.32,32.5,595,5078,100,2,2665
0.023330938,23.21,23.79,27.17,32.5,793,8094,100,4,3510
0.028707679,24.32,23.79,27.09,32.5,686,15753,100,7,3315
0.017332099,28.08,24.08,27.32,32.2,804,13718,100,6,3185
0.016153242,27.39,24.12,27.4,32.5,825,2692,100,1,1300
0.041026149,23.46,24.04,27.4,32.2,722,5454,100,9,3315
0.005160356,23.87,24.16,27.21,31.91,833,2557,100,5,715
0.028635748,23.29,23.99,27.17,32.79,731,6652,100,2,3835
0.048029196,24.03,24.2,27.21,33.08,720,5840,100,9,3640
0.007897678,23.87,24.08,27.32,32.79,813,1955,100,1,585
0.012478733,22.75,23.99,27.17,32.79,832,3258,100,2,1430
0.004360709,22.88,23.95,27.32,32.5,845,1850,100,2,325
0.010342027,22.59,23.87,27.4,32.2,814,4732,100,5,1820
0.013502018,24.32,23.59,27.25,32.5,1073,4187,100,3,2145
0.025901863,23.79,23.71,27.4,32.5,750,3733,100,8,2990
0.024054155,23.13,23.87,27.36,32.2,807,3337,100,8,2600
0.019419594,22.88,23.87,27.36,32.5,810,2984,100,1,1625
0.044340938,22.75,23.83,27.4,32.79,378,4898,100,0,3770
0.000339103,22.92,23.79,27.25,32.2,1832,1360,100,2,65
0.012792595,22.25,23.5,26.82,31.91,793,2402,100,1,1040
0.023082452,22.33,23.5,26.7,32.5,794,8008,100,4,3445
0.022161035,23.58,23.42,27.01,31.91,802,3228,100,1,1885
0.038019136,22.67,23.38,26.82,32.5,432,4364,100,0,3250
0.023700865,22.92,23.54,26.78,31.91,742,8281,100,4,3575
0.006461372,24.16,23.34,26.82,32.5,867,2621,100,3,910
0.043148179,23,23.59,27.05,32.2,377,4968,100,0,3835
0.013352017,22.84,23.59,26.98,31.91,829,3423,100,2,1495
0.001483216,22.71,23.67,27.01,31.91,1091,1543,100,3,195
0.009099288,22.38,23.63,27.32,32.5,813,3185,100,3,1365
0.015957121,23.04,23.42,27.17,32.5,811,4036,100,2,1950
0.001672026,22.88,23.63,27.09,32.5,1101,1596,100,5,260
0.050500371,22.67,23.5,26.74,31.91,519,6113,100,9,3770
0.005763416,23.33,23.42,26.94,31.62,824,2864,100,5,910
0.029487465,22.88,23.46,27.01,32.2,730,6830,100,2,3965
0.017568599,23.42,23.5,26.86,31.91,807,4219,100,2,2080
0.016917747,23.58,23.71,26.98,31.62,808,4968,100,3,2730
0.032127846,23.95,23.75,27.01,31.91,585,4133,100,1,2860
0.002437421,22.71,23.67,27.17,32.2,940,1503,100,0,195
0.014254329,22.25,23.59,27.01,31.91,798,2561,100,8,1495
0.020675506,22.58,23.42,27.01,31.91,802,6956,100,4,2925
7.00E-05,23.29,23.46,26.9,31.91,2443,1385,100,6,65
0.000424854,22.04,23.42,26.74,31.91,1617,1359,100,0,65
0.012313783,22.08,23.26,26.66,31.62,795,4207,100,4,1560
0.011633889,22.75,23.34,26.66,32.2,801,5249,100,5,2080
0.016056582,23.42,23.38,26.66,31.32,782,2537,100,0,1235
0.021414857,23.91,23.42,26.47,31.62,745,16876,100,6,3900
0.000901736,27.62,23.5,26.78,31.62,1014,1817,100,6,260
0.030408494,22.58,23.59,26.94,32.2,629,6865,100,2,4095
0.014268924,23.21,23.63,26.74,32.2,823,3666,100,2,1625
0.012758732,22.96,23.67,26.86,31.91,827,7276,100,7,1495
0.011583912,24.03,23.91,26.82,32.2,806,2266,100,1,910
0.037609451,22.79,23.63,26.94,32.2,723,5085,100,9,3055
0.023773164,23.58,23.79,26.82,32.2,793,13092,100,7,2730
0.009244279,26.35,24.12,26.78,31.62,801,7784,100,6,1690
0.001318754,25.08,24.04,27.05,32.5,945,2067,100,6,325
0.01950643,23.33,23.59,27.05,31.62,800,5488,100,3,3185
0.018017372,24.16,23.67,27.13,31.91,811,6070,100,4,2470
0.006528287,23.87,23.63,27.4,32.2,806,2602,100,3,975
0.022703568,23.17,23.75,27.32,32.2,590,3559,100,9,1755
0.02308614,23.13,23.79,27.21,32.79,810,3329,100,8,2470
0.037810292,22.84,23.79,27.28,32.5,433,4376,100,0,3185
0.031873468,23.38,23.87,27.09,32.5,632,17547,100,7,3705
0.011382655,26.35,23.87,27.28,32.5,838,2287,100,9,780
0.037135504,23.33,23.79,27.25,32.5,724,4989,100,9,2925
0.031283561,23.71,23.87,27.13,32.2,781,4122,100,9,2275
0.013688593,23.62,23.87,27.21,32.5,832,4732,100,4,1820
2.77E-05,23.42,23.83,27.21,32.79,1582,1301,100,3,0
0.024659537,22.67,23.59,27.25,32.2,44,12752,100,7,2665
0.007512887,25.48,23.87,27.05,32.2,817,3509,100,5,1235
0.015953977,23.33,23.91,27.17,33.08,834,2788,100,8,1755
0.010371622,23.54,23.83,26.98,32.5,790,8641,100,6,1885
0.022139372,25.04,23.91,27.13,32.5,809,3387,100,8,2535
0.003671711,23.13,23.83,27.13,31.91,863,1895,100,4,390
0.015169477,22.84,24.04,27.01,32.2,817,2697,100,9,1040
0.017206404,22.96,23.91,27.17,33.08,814,5817,100,4,2340
0.007135926,23.95,23.95,27.05,32.5,830,6225,100,6,1300
0.027126275,24.4,23.75,27.05,32.2,734,6283,100,2,3575
0.039094012,24.07,23.91,27.13,32.2,825,4851,100,9,2860
0.009997469,23.75,24.08,27.13,32.2,840,2095,100,0,715
0.020854479,22.92,23.79,27.17,32.5,793,3400,100,9,1625
0.007411231,23.17,23.91,27.32,32.2,799,1877,100,9,455
0.038938247,23.09,23.91,27.09,32.79,625,4823,100,9,2795
0.020750267,23.33,23.91,27.4,31.62,812,3275,100,8,2405
0.010613346,23,23.75,27.17,31.91,813,3679,100,4,1300
0.015997438,23.13,23.91,27.25,32.5,820,5426,100,4,2145
0.025686698,23.5,23.91,27.25,33.08,786,5969,100,2,3380
0.01455117,23.91,23.83,27.28,31.91,825,6692,100,5,2795
0.004597581,24.44,23.91,27.17,31.91,863,2079,100,4,455
0.028062988,22.79,23.83,27.21,32.2,698,3825,100,8,3120
0.042024203,23.33,23.91,27.01,32.5,773,5216,100,9,3120
0.022439687,23.66,23.87,27.28,32.2,743,5173,100,2,2795
0.009493939,23.38,24.08,27.17,31.91,834,2150,100,1,715
0.016459005,24.16,23.71,27.29,32.79,808,13115,100,6,2990
0.008197728,26.78,23.87,27.17,32.5,840,1951,100,0,520
0.020173015,24.36,23.99,27.17,32.5,747,15987,100,6,3705
0.037097756,27.55,23.87,27.17,32.2,480,4589,100,1,3380
0.027757354,23.58,23.99,27.21,32.79,640,3742,100,1,2470
0.008042014,23.62,23.83,27.36,32.79,831,2954,100,3,1170
0.021283336,23.75,23.87,27.48,32.2,799,11548,100,7,2405
0.02948275,25.56,24.04,27.44,32.79,783,3967,100,9,2145
0.022436857,24.24,24.24,27.48,32.2,743,6272,100,3,3705
0.017701278,25.56,23.83,27.48,32.79,805,5064,100,3,2860
0.008795995,24.4,24.16,27.63,32.79,791,3159,100,4,1040
0.014616269,23.38,23.99,27.48,32.79,826,5008,100,4,1950
0.008241162,23.75,23.99,27.59,32.2,801,3680,100,5,1365
0.006412879,23.58,24.08,27.48,32.5,802,2538,100,4,715
0.008303692,23.21,23.99,27.55,32.5,810,5085,100,7,1040
0.00843636,23.83,24.04,27.44,32.2,835,2044,100,8,780
0.004720269,22.88,24.12,27.48,32.79,825,2079,100,4,520
0.042233795,22.88,23.95,27.44,32.2,429,4734,100,0,3575
0.036266372,23.75,23.95,27.44,32.2,579,20280,100,7,4030
0.017460652,27.85,24.28,27.28,32.79,808,9735,100,7,2015
0.024432398,25.48,24.52,27.36,32.5,806,3463,100,8,2665
0.036134809,23.71,24.36,27.48,32.5,484,4233,100,0,3055
0.018296244,23.5,24.36,27.32,32.2,809,6175,100,4,2535
0.02875215,24.16,24.44,27.28,32.79,639,3822,100,1,2535
0.013047555,23.58,24.36,27.28,32.2,788,4491,100,4,1690
4.29E-05,23.62,24.28,27.48,32.79,1638,1343,100,2,0
0.005002557,22.92,23.99,27.32,32.79,833,4626,100,6,910
0.01148925,23.87,23.75,27.36,32.79,834,6599,100,7,1365
0.027433753,24.2,24.04,27.36,32.79,699,3753,100,8,3055
0.015648179,23.21,24.08,27.28,32.2,791,2657,100,8,1625
0.016237864,22.88,23.99,27.32,32.79,822,2718,100,1,1365
0.004322413,22.79,23.91,27.32,32.5,839,1819,100,2,390
0.019987695,22.92,23.99,27.13,33.08,802,9492,100,5,4095
0.007787302,25.52,23.79,27.17,32.5,818,6723,100,6,1430
0.023382362,24.72,23.95,27.13,32.5,742,8365,100,4,3640
0.020389924,24.4,23.87,27.32,32.5,799,3114,100,9,1430
3.18E-05,23.42,23.87,27.36,32.5,1799,1325,100,8,0
0.033300586,22.58,23.75,27.25,32.79,530,4320,100,9,2405
0.023861917,23.71,23.75,27.13,32.79,789,6685,100,3,4030
0.014232906,24.88,23.67,27.09,32.2,827,6573,100,5,2730
0.017603861,24.48,23.79,27.25,32.5,810,8083,100,5,3510
0.023583662,25.6,23.63,27.17,32.5,791,6576,100,3,3900
0.007359643,25.04,23.87,27.13,32.2,844,1952,100,8,585
0.025545117,22.75,23.87,27.21,32.5,599,3397,100,0,2080
0.039694913,22.96,23.99,27.17,31.91,431,4502,100,0,3380
0.033596292,23.13,23.91,27.32,32.2,587,4369,100,8,4095
0.031352602,23.09,23.79,27.25,32.2,586,4072,100,1,2795
0.045956627,23.29,23.79,27.25,32.5,721,5636,100,9,3445
0.007864777,23.79,23.71,27.17,32.2,860,2886,100,4,910
0.030369805,23.42,23.91,27.21,32.5,684,16666,100,7,3510
0.004649551,26.23,23.95,27.28,32.2,907,1647,100,1,260
0.011131487,22.75,23.95,27.32,32.79,814,2253,100,1,845
0.004009844,22.67,23.95,27.13,32.5,877,2046,100,3,455
0.006441252,22.84,23.83,27.44,32.2,809,3053,100,5,975
0.042607855,23.25,23.79,27.28,32.79,379,4746,100,0,3640
0.010175144,23.21,23.79,27.44,32.79,793,5917,100,7,1235
0.022115728,23.91,23.95,27.28,32.2,756,3064,100,0,1820
0.012396334,23.13,23.91,27.25,32.5,792,5653,100,5,2275
0.006478811,23.95,23.99,27.09,32.5,816,1823,100,0,455
0.019031264,23.04,23.95,27.17,32.5,805,8910,100,5,3900
0.015464742,25.16,23.75,27.09,32.5,810,2853,100,9,1170
0.019958081,23.95,23.71,27.32,32.2,699,5692,100,3,3250
0.012684459,25.52,23.83,27.36,32.5,823,10328,100,6,2340
0.023666976,26.04,23.95,27.32,32.2,704,3233,100,0,1885
0.000591393,23.21,24.04,27.32,32.2,1560,1353,100,1,65
0.023357172,22.33,23.5,26.98,32.2,699,3371,100,1,2015
0.005030921,22.5,23.46,26.98,31.91,860,2577,100,5,780
0.016404582,22.88,23.46,27.01,32.79,815,7620,100,5,3250
0.018565979,24.36,23.63,26.94,32.2,818,2809,100,0,1495
0.039390299,22.92,23.59,26.94,31.91,478,4769,100,1,3575
0.052844517,23.25,23.63,27.01,32.2,667,6377,100,9,4095
0.016324475,23.62,23.63,26.98,32.2,818,5472,100,4,2210
0.040891681,23.38,23.59,26.94,31.91,427,4898,100,1,3705
0.008575849,23.09,23.67,27.05,32.2,851,2053,100,8,715
0.034725457,22.58,23.71,27.09,32.5,532,4364,100,1,3120
0.014357415,22.84,23.71,26.9,32.2,788,2542,100,1,1105
0.019248454,22.71,23.67,27.05,32.2,801,4556,100,2,2340
0.01765319,23.25,23.83,26.98,32.2,805,4260,100,2,2145
0.019154284,23.38,23.83,26.98,32.5,801,3036,100,9,1365
0.027353287,23.13,23.83,27.05,32.5,697,3847,100,8,3185
0.006460992,22.92,23.91,27.09,31.91,851,1824,100,0,390
0.030206019,22.54,23.83,26.98,32.79,587,3948,100,1,2665
0.013876689,23.83,23.71,27.29,32.5,818,11217,100,6,2535
0.017170755,26,23.91,27.05,32.5,813,7860,100,5,3380
0.008205001,24.76,23.87,27.01,32.5,820,1932,100,0,585
0.02114494,23.17,23.99,27.17,32.2,795,5962,100,3,3510
0.018891649,24.32,23.75,27.17,32.79,821,2776,100,0,1430
0.035395086,23,23.67,27.13,32.5,531,4378,100,1,3185
0.052570783,23.21,23.79,26.9,32.2,668,6312,100,9,3965
0.00925543,23.91,24.28,27.21,32.2,833,4210,100,5,1560
0.014734664,24.24,23.71,27.4,33.08,817,4449,100,3,2340
0.019792484,24.07,23.79,27.4,32.5,821,3045,100,8,2080
0.014940501,24.03,23.75,27.55,32.5,813,11979,100,6,2730
0.009954369,26.19,23.83,27.36,32.5,803,2084,100,0,650
0.002547049,22.75,23.79,27.32,31.91,921,1508,100,1,195
0.017558882,22.25,23.71,27.21,32.79,812,5928,100,4,2405
0.013611223,23.46,23.71,27.25,31.62,781,6305,100,5,2600
0.004186148,24.24,23.71,27.13,32.79,863,4046,100,6,780
0.003956298,23.58,23.67,27.17,32.2,837,2025,100,3,520
0.004263054,22.54,23.63,27.4,32.2,893,2308,100,5,585
0.004706742,22.71,23.75,26.98,31.62,831,2154,100,3,650
0.007389474,22.75,23.75,27.01,32.2,839,2788,100,3,1105
0.010935411,22.84,23.54,27.32,32.79,828,2128,100,0,780
0.042037711,22.5,23.5,27.09,32.5,425,5090,100,1,3965
0.03437078,22.75,23.63,26.98,31.91,485,4081,100,0,2925
0.024065923,22.71,23.5,27.09,32.79,788,5701,100,2,3185
0.005757355,23.75,23.46,27.32,32.5,811,5183,100,6,1040
0.022937279,23.79,23.46,26.98,32.2,592,5300,100,2,2860
0.029068492,23.38,23.54,26.94,32.5,543,3649,100,0,2405
0.010801326,23.42,23.46,27.25,32.5,792,3559,100,3,1690
0.02074456,23.38,23.59,27.05,32.5,747,4884,100,2,2535
0.023818379,23.04,23.83,27.01,33.08,703,3228,100,0,1950
0.004464983,23,23.67,26.98,32.2,847,4248,100,6,845
0.029206337,23.54,23.67,26.9,31.91,681,6738,100,2,3900
0.000293922,23.58,23.67,27.05,32.2,1450,1498,100,6,130
0.012648067,22.54,23.05,26.98,32.2,827,3977,100,3,2015
0.019105203,24.72,23.17,26.9,31.62,799,15199,100,6,3510
0.015028463,26.89,23.34,26.82,32.2,817,3774,100,2,1755
0.04501,23.09,23.59,26.35,31.62,721,5537,100,9,3380
0.042057954,23.58,23.63,26.86,31.91,426,5045,100,1,3900
0.033409849,22.88,23.46,26.82,32.2,588,4374,100,8,3965
0.005531868,22.79,23.54,26.86,32.2,819,2004,100,2,520
0.024551213,22.58,23.59,26.9,32.5,651,3285,100,0,2015
0.018382909,23.87,23.5,26.9,32.5,801,14663,100,6,3380
0.015290883,27.93,23.75,26.74,32.2,812,12264,100,6,2795
4.11E-05,26.31,23.71,26.86,32.2,1801,1375,100,7,65
0.001287529,22.16,23.38,26.74,31.62,1075,1421,100,0,130
0.007314031,22.08,23.42,26.66,31.62,820,1912,100,8,650
0.006407262,22.5,23.13,26.35,31.91,794,5705,100,6,1170
0.013440366,24.68,23.3,26.7,31.62,820,10913,100,6,2470
0.005989852,25.36,23.34,26.59,31.91,834,3955,100,7,845
0.014350099,23.25,23.99,26.43,31.62,819,4392,100,3,2275
0.004737522,23.58,23.59,26.98,31.91,931,1690,100,8,325
0.041538864,22.58,23.59,26.94,32.2,430,4647,100,0,3510
0.009770386,22.79,23.63,26.94,31.91,825,3506,100,4,1170
0.020566635,23.58,23.58,26.74,32.79,747,5818,100,3,3380
0.006529035,24.48,23.67,27.13,31.91,836,5815,100,6,1235
0.036710773,23.99,23.59,26.9,31.62,480,4544,100,1,3315
0.007374326,23,23.91,26.82,31.32,847,2819,100,3,1040
0.003783048,23.25,23.59,27.25,32.2,831,3810,100,6,715
0.00265907,23.46,23.67,27.32,32.5,865,2977,100,6,520
0.01008556,22.96,23.63,27.05,32.79,799,2150,100,8,975
0.000253026,22.54,23.71,27.05,32.5,1120,1455,100,7,130
0.000238835,22.16,23.54,26.74,32.2,44,4062,100,8,3445
0.016841292,22.54,23.46,26.86,31.91,828,2673,100,0,1300
0.004858796,22.46,23.42,26.86,31.91,808,3359,100,7,715
0.033304714,23,23.63,26.82,31.62,589,4355,100,8,3900
0.012504429,22.79,23.59,26.74,31.62,832,2418,100,9,845
0.013512453,22.54,23.59,26.9,31.91,803,2478,100,8,1430
0.009996542,22.54,23.71,26.74,32.2,799,3364,100,3,1560
0.010887716,23.33,23.59,26.9,32.2,807,4956,100,5,1950
0.035394639,24.07,23.59,26.98,32.5,580,19577,100,7,3965
0.019199761,27.39,23.95,26.82,32.5,803,10561,100,7,2210
0.017640797,25.48,24.24,27.01,32.2,818,2849,100,1,1430
0.021216685,23.04,23.99,26.78,31.91,815,3150,100,8,2275
0.031309076,23.5,23.91,26.98,32.5,632,17243,100,7,3640
0.0055345,26.31,24.16,26.97,31.91,840,2783,100,5,845
0.021109946,23.58,24.12,27.09,32.5,596,5959,100,3,3445
0.006021305,24.48,23.99,27.13,32.2,823,1807,100,9,390
0.021750642,22.75,23.87,27.13,32.2,745,3287,100,9,1560
0.026386326,23.17,23.83,27.13,32.2,687,9501,100,4,4095
0.019400584,24.6,23.79,27.09,32.5,804,9305,100,5,3965
0.003017253,25.24,23.75,27.13,32.5,928,1667,100,2,260
0.01974152,22.75,23.95,26.98,32.2,800,4692,100,2,2405
0.015834425,23.42,23.95,27.28,32.5,819,7150,100,5,3055
0.000986275,24.4,24.08,27.17,32.2,1291,1451,100,5,195
0.007845385,22.42,23.63,27.17,32.5,832,1969,100,1,520
0.026880685,22.42,23.63,27.25,32.2,685,6087,100,2,3445
0.012796381,23.25,23.79,27.13,32.5,818,2405,100,8,1235
0.015171362,22.54,23.91,27.01,32.2,792,2493,100,0,1105
0.001273819,22.58,23.71,27.13,32.2,1293,1414,100,8,130
0.02908157,22.63,23.46,26.98,32.2,632,6561,100,2,3770
0.008075557,23.83,23.75,26.98,32.2,813,6954,100,6,1495
0.007435773,24.52,23.91,26.94,32.2,831,1915,100,9,520
0.003617199,22.88,23.59,26.94,32.5,842,2843,100,7,585
0.013179385,22.84,23.75,27.13,31.91,826,2450,100,9,910
0.015563774,22.75,23.71,27.01,31.91,794,2637,100,8,1560
0.026637519,22.88,23.79,27.01,32.2,739,14311,100,7,2990
0.005552226,26.04,24.04,27.13,32.2,844,2353,100,3,780
0.005857014,23.5,23.79,27.09,32.2,852,5328,100,6,1105
0.022373114,24.2,23.83,27.09,32.2,746,7587,100,4,3250
0.011222741,24.48,23.91,27.4,32.2,782,9347,100,6,2080
0.011762491,25.68,23.83,27.17,32.5,819,2247,100,0,845
0.015340865,22.79,23.91,27.21,32.5,787,2501,100,0,1170
0.035576876,23.17,23.95,27.13,31.91,777,4491,100,9,2600
0.032385141,23.95,23.83,27.28,32.79,631,17869,100,7,3770
0.007927611,26.58,24.12,27.28,32.5,808,3673,100,5,1300
0.032456305,23.62,24.08,27.28,32.5,641,4231,100,8,3705
0.030675298,23.42,24.08,27.13,32.5,541,3808,100,0,2535
2.84E-05,23.13,23.99,27.25,32.2,991,1304,100,9,0
0.044919606,22.46,23.75,27.25,32.5,227,4998,100,0,3900
0.008776527,23.21,23.5,27.01,31.62,818,3082,100,3,1300
0.029311424,23.5,23.75,27.4,32.5,685,16098,100,7,3380
0.004536415,26.54,23.99,27.28,32.5,856,2138,100,3,585
0.021123586,23.21,24.16,27.4,32.5,697,3149,100,9,1495
0.016888563,23.42,23.95,27.21,32.5,814,7709,100,5,3315
0.027293153,24.64,23.91,27.32,32.2,783,6329,100,2,3640
0.032741025,24.03,23.95,27.32,32.5,780,4294,100,9,2340
0.00168678,23.66,23.99,27.44,32.2,915,2320,100,6,390
0.022709321,24.64,23.91,27.44,31.91,493,17819,100,6,4030
0.003432282,28.42,23.99,27.32,32.5,887,2064,100,5,455
0.009882008,23.99,24.16,27.17,32.79,794,8274,100,6,1820
0.02029592,25.84,24.04,27.05,32.79,798,5771,100,3,3315
0.020512976,24.88,23.99,27.44,32.2,761,2961,100,0,1690
0.019189322,23.21,24.08,27.36,31.91,813,2959,100,1,1560
0.003176875,23.09,23.95,27.4,32.79,902,1838,100,3,325
0.039897699,22.88,24.08,27.59,32.79,477,4842,100,1,3640
0.049310125,23.25,23.87,27.55,31.91,669,6001,100,9,3705
0.011328958,23.99,23.87,27.4,32.5,804,5122,100,5,2015
0.009920773,23.91,23.99,27.44,32.79,796,2277,100,9,715
0.002296977,23,23.95,27.25,32.79,844,2254,100,7,455
0.00725117,22.84,23.99,27.4,32.2,811,2306,100,2,715
0.042435557,22.92,24.08,27.4,33.08,424,5094,100,1,4095
0.02477902,23.17,23.99,27.25,32.2,751,3576,100,8,2925
0.012882342,23.17,23.87,27.4,32.5,787,5946,100,5,2405
0.007321749,24.24,23.99,27.32,32.2,825,3394,100,5,1170
0.022161847,23.58,23.91,27.21,32.5,747,7524,100,4,3185
0.003179484,24.07,23.87,27.4,32.2,879,1832,100,3,390
0.030971721,23.09,24.12,27.4,32.79,782,4119,100,9,2210
0.033242144,23.42,23.91,27.32,32.5,827,4683,100,9,2665
0.00579493,23.46,23.71,27.44,32.5,830,2442,100,3,845
0.003016214,23.25,23.79,27.28,32.2,831,3220,100,6,585
0.01140493,23.29,23.87,27.48,32.2,840,2275,100,8,1040
0.01770697,22.79,23.91,27.25,32.5,866,2814,100,1,1495
0.011965216,22.92,23.91,27.21,32.79,831,6868,100,7,1430
0.020806545,25.64,23.87,27.32,32.79,745,16433,100,6,3835
0.014329056,28.12,24.12,27.28,32.2,829,4914,100,4,1885
0.014409627,23.99,24.24,27.21,32.5,819,8101,100,7,1690
0.024695186,25.16,24.48,27.17,32.5,791,13690,100,7,2860
0.006569603,26.54,24.6,27.32,32.5,797,3123,100,5,1040
0.012538162,23.5,24.4,27.55,32.5,799,2373,100,1,975
0.022251949,23.04,24.28,27.48,33.08,801,3284,100,1,1950
0.011332463,23.17,24.4,27.25,33.08,788,3696,100,3,1755
0.027126931,23.91,23.91,27.59,32.79,786,3747,100,9,1950
0.020023745,23.66,24.12,27.44,32.5,801,10893,100,7,2275
0.032766119,25.56,24.24,27.52,32.5,639,4332,100,8,3835
0.022917077,24.07,24.2,27.63,32.5,795,12494,100,7,2600
0.002155219,25.84,24.48,27.63,32.79,961,1621,100,3,260
0.017952049,23.38,23.87,27.48,31.91,804,5216,100,3,2925
0.025450341,24.32,23.91,27.71,32.5,784,6072,100,2,3510
0.025847705,23.83,23.95,27.67,32.5,736,5878,100,2,3315
0.050767567,24.03,23.99,27.86,31.91,669,6140,100,9,3835
0.00019024,24.03,24.08,27.48,32.5,2198,1330,100,4,65
0.015938349,23,23.17,27.09,32.2,812,4781,100,3,2535
0.011819575,23.79,23.75,26.86,31.91,785,3797,100,3,1820
0.019461468,24.96,23.59,27.21,32.2,799,15401,100,6,3575
0.012445446,27.24,23.59,27.17,32.79,790,5730,100,5,2340
0.01049165,24.24,23.75,27.17,32.2,811,4839,100,5,1885
0.018327033,23.79,23.79,27.09,31.91,779,2874,100,8,1885
0.038754404,23.17,23.83,26.86,31.91,478,4713,100,1,3510
0.033393022,23.13,23.91,26.98,32.2,533,4264,100,1,2990
0.026842868,23.13,23.95,26.98,32.2,692,3685,100,1,2340
0.019641312,23.04,23.79,27.17,31.91,815,2926,100,0,1560
0.009572026,23.46,23.87,26.86,32.2,797,8109,100,6,1755
0.00672,25,23.75,27.09,32.2,826,2223,100,2,650
0.018024828,24.32,23.83,27.17,31.91,802,14266,100,6,3315
0.016785916,26.97,23.95,27.09,32.5,781,2844,100,8,1820
0.005280443,23.04,23.99,27.13,31.91,837,1761,100,1,325
0.003691303,22.67,23.91,27.25,32.2,884,2093,100,5,520
0.047487512,23.09,23.67,27.25,32.5,620,5664,100,9,3510
0.026510086,23.75,23.67,27.32,32.5,787,3695,100,9,1885
0.024793325,23.17,23.71,27.21,31.91,805,3383,100,8,2730
0.027279243,23,23.83,27.21,32.2,595,3507,100,0,2275
0.005597532,22.84,23.83,27.25,32.5,822,2361,100,4,650
0.017772952,24.07,23.79,27.36,32.2,803,14140,100,6,3250
0.012943283,26.97,23.75,27.13,32.5,785,5983,100,5,2470
0.009512217,24.32,23.99,27.32,32.5,798,5662,100,7,1170
0.005890421,23.91,24.16,27.25,32.5,861,1813,100,8,455
0.0254394,22.88,24.12,27.05,32.79,694,3470,100,1,2275
0.014936837,23.04,24.08,27.25,32.5,815,3850,100,2,1820
0.022357872,23.21,23.95,27.13,33.08,746,7787,100,4,3315
0.015464978,23.95,23.95,27.4,32.2,779,2601,100,1,1235
0.004098454,23,23.95,27.32,32.5,823,3097,100,7,650
0.033711489,23.83,23.91,27.25,32.2,580,18635,100,7,3900
0.000143733,26.85,24.28,27.17,32.2,2962,1360,100,5,65
0.002667989,22.21,23.59,26.94,32.5,888,1543,100,9,195
0.017067339,23.5,23.5,27.17,32.2,805,13662,100,6,3120
0.00555338,26.47,23.59,26.9,32.2,849,2030,100,2,455
0.006409034,22.67,23.63,27.05,31.91,845,2147,100,2,585
0.008077711,22.58,23.75,26.98,31.91,837,2453,100,2,845
0.004628628,22.59,23.79,27.01,32.2,871,1676,100,0,260
0.019771881,24.03,23.42,26.98,32.2,798,15615,100,6,3640
0.023116387,27.82,23.63,26.94,32.5,791,6496,100,3,3835
0.020290297,24.84,23.67,27.09,31.91,763,2952,100,0,1625
0.000820747,22.96,23.79,27.13,32.5,1299,1400,100,4,130
0.021745926,22.33,23.71,27.13,32.2,598,7357,100,4,3120
0.042141791,23.95,23.67,27.05,32.2,772,5269,100,9,3185
0.013124309,23.75,23.67,27.05,32.5,824,7535,100,7,1560
0.013510809,24.32,24.08,27.01,31.91,803,2355,100,0,975
0.032159764,22.71,23.83,27.09,32.2,641,4194,100,8,3640
0.029619997,23.09,23.91,27.17,32.2,695,3941,100,8,3315
0.02473343,23.04,23.95,27.13,32.2,752,3641,100,8,2860
0.027698787,23.09,23.87,27.25,32.5,782,6459,100,2,3705
0.021753037,24.28,23.75,27.05,32.5,794,6114,100,3,3575
0.021857247,24.52,23.95,27.21,32.2,814,3237,100,8,2340
0.020683585,23,23.91,27.09,32.2,819,3108,100,8,2145
0.010716126,23,23.91,27.17,32.5,823,2230,100,1,780
0.011668545,22.71,23.91,27.09,32.2,840,3146,100,2,1300
0.021941222,23.79,23.75,27.09,32.2,793,6173,100,3,3640
0.015854122,24.56,23.87,27.25,32.5,813,3918,100,2,1885
0.011736452,24.11,23.99,27.17,32.2,830,9711,100,6,2145
0.017603388,26.04,23.91,27.28,32.5,759,8250,100,5,3575
0.019756762,25.16,23.99,27.13,32.2,803,6840,100,4,2860
0.012492348,24.32,24.24,27.52,32.79,830,3969,100,3,1950
0.043574553,24.07,24.08,27.59,32.79,378,4856,100,0,3705
0.009195428,23.58,24.24,27.21,32.2,808,3232,100,3,1430
0.018814538,23.79,23.95,27.59,32.5,808,6340,100,4,2600
0.020866426,23.99,23.91,27.55,32.5,800,7059,100,4,2990
0.01334001,24.28,24.28,27.48,32.2,825,4155,100,3,2080
0.009786901,24.28,24.08,27.67,32.79,823,4491,100,5,1690