uW,onset,pupil,valid,pupil_pc
1,-1.0,5.674,1.0,-1.3624061952557454
1,-0.967,5.7204,1.0,-0.5576828889147611
1,-0.933,5.7024,1.0,-0.891711968661566
1,-0.9,5.684,1.0,-1.200847052327061
1,-0.866,5.6972000000000005,1.0,-0.9699582175794053
1,-0.833,5.7116,1.0,-0.7233325960061787
1,-0.7989999999999999,5.703,1.0,-0.8722732137317735
1,-0.766,5.714,1.0,-0.6776669953031078
1,-0.733,5.7384,1.0,-0.2651327017750904
1,-0.6990000000000001,5.723000000000001,1.0,-0.5249020437069318
1,-0.6659999999999999,5.736,1.0,-0.30087883493862266
1,-0.632,5.7458,1.0,-0.1325845218752808
1,-0.599,5.7496,1.0,-0.05984943334619075
1,-0.5660000000000001,5.755,1.0,0.025892109774794392
1,-0.532,5.766,1.0,0.21777016012501926
1,-0.499,5.7576,1.0,0.07179418341323185
1,-0.46499999999999997,5.758,1.0,0.08895575768955499
1,-0.43200000000000005,5.7636,1.0,0.18338181100047368
1,-0.398,5.8178,1.0,1.0844029815018663
1,-0.365,5.781000000000001,1.0,0.48704860644531056
1,-0.33199999999999996,5.787000000000001,1.0,0.5953108933384632
1,-0.29800000000000004,5.7752,1.0,0.3837028084919947
1,-0.265,5.7796,1.0,0.468720158822058
1,-0.23099999999999998,5.779,1.0,0.45650157795048774
1,-0.19799999999999995,5.7734000000000005,1.0,0.3637271872864045
1,-0.16400000000000003,5.7796,1.0,0.46802118114740665
1,-0.131,5.8107999999999995,1.0,0.9852856240769992
1,-0.09799999999999998,5.7808,1.0,0.49360913356412794
1,-0.06399999999999995,5.8178,1.0,1.0912070619764291
1,-0.031000000000000028,5.8162,1.0,1.073895426817153
1,0.0029999999999998916,5.8364,1.0,1.3986860712146032
1,0.03600000000000003,5.8052,1.0,0.8725463342629203
1,0.07000000000000006,5.7928,1.0,0.6833257285592143
1,0.10299999999999998,5.7896,1.0,0.6148562300149751
1,0.1359999999999999,5.8088,1.0,0.939193334715911
1,0.16999999999999993,5.7706,1.0,0.2938916603133346
1,0.20300000000000007,5.7985999999999995,1.0,0.7526868132080256
1,0.2370000000000001,5.7592,1.0,0.0732465140726779
1,0.27,5.6476,1.0,-1.883445046293557
1,0.30299999999999994,5.419,1.0,-5.85627787996003
1,0.33699999999999997,5.2516,1.0,-8.803078332253714
1,0.3700000000000001,4.9592,1.0,-13.833847338605347
1,0.4039999999999999,4.7700000000000005,1.0,-17.149071130843488
1,0.43700000000000006,4.5568,1.0,-20.833018687406632
1,0.4710000000000001,4.3878,1.0,-23.778103397342555
1,0.504,4.2336,1.0,-26.453117851493527
1,0.5369999999999999,4.1046,1.0,-28.69782473199725
1,0.571,3.9905999999999997,1.0,-30.675740312610763
1,0.6040000000000001,3.8964,1.0,-32.31635207987414
1,0.6379999999999999,3.8292,1.0,-33.48997111196694
1,0.671,3.7672,1.0,-34.559814154942
1,0.7050000000000001,3.7060000000000004,1.0,-35.62383193977518
1,0.738,3.6676,1.0,-36.293002505103274
1,0.7709999999999999,3.6252000000000004,1.0,-37.02609062165018
1,0.8049999999999999,3.6060000000000003,1.0,-37.364321794274346
1,0.8380000000000001,3.582,1.0,-37.783319940932536
1,0.8720000000000001,3.5686,1.0,-38.01711515125716
1,0.905,3.561,1.0,-38.14512405869623
1,0.9390000000000001,3.5544,1.0,-38.259171395477004
1,0.972,3.564,1.0,-38.08745821511202
1,1.005,3.567,1.0,-38.03400430209465
1,1.0390000000000001,3.5914,1.0,-37.60027772817582
1,1.072,3.6073999999999997,1.0,-37.32528459184499
1,1.1059999999999999,3.63,1.0,-36.92542682771766
1,1.1389999999999998,3.651,1.0,-36.55860441681316
1,1.1720000000000002,3.6764,1.0,-36.11131893704645
1,1.206,3.7085999999999997,1.0,-35.55006086990722
1,1.2389999999999999,3.755,1.0,-34.74384462819869
1,1.2730000000000001,3.7838000000000003,1.0,-34.24426879354655
1,1.306,3.8326000000000002,1.0,-33.39620214190137
1,1.3399999999999999,3.8763999999999994,1.0,-32.630465552924555
1,1.3730000000000002,3.908,1.0,-32.087849927004555
1,1.4060000000000001,3.9468000000000005,1.0,-31.416365515653286
1,1.44,4.0054,1.0,-30.400724328871764
1,1.4729999999999999,4.053,1.0,-29.57231720815692
1,1.5070000000000001,4.114800000000001,1.0,-28.49753299555719
1,1.54,4.165,1.0,-27.625710266800276
1,1.5739999999999998,4.21,1.0,-26.841388005201754
1,1.6070000000000002,4.2612000000000005,1.0,-25.95231575889113
1,1.6400000000000001,4.312,1.0,-25.06433397993856
1,1.674,4.3584000000000005,1.0,-24.255516647119844
1,1.7069999999999999,4.4154,1.0,-23.261793596849454
1,1.741,4.4488,1.0,-22.6910390141722
1,1.774,4.4932,1.0,-21.911562939231725
1,1.807,4.5318,1.0,-21.239499377846187
1,1.8410000000000002,4.578,1.0,-20.43368088361035
1,1.874,4.6188,1.0,-19.717052801055093
1,1.908,4.648000000000001,1.0,-19.21566120307657
1,1.9409999999999998,4.687399999999999,1.0,-18.527166662900566
1,1.975,4.7042,1.0,-18.239879335145083
1,2.008,4.7379999999999995,1.0,-17.648912534160818
1,2.041,4.764,1.0,-17.1931161972564
1,2.075,4.7846,1.0,-16.839254174759688
1,2.108,4.8034,1.0,-16.50541326631229
1,2.142,4.83,1.0,-16.04964936427408
1,2.175,4.8536,1.0,-15.637613738088305
1,2.209,4.8862000000000005,1.0,-15.072766112787003
1,2.242,4.889,1.0,-15.020780248825897
1,2.275,4.919,1.0,-14.502286045825832
1,2.309,4.923,1.0,-14.425986188407677
1,2.342,4.941,1.0,-14.11667930975717
1,2.376,4.964799999999999,1.0,-13.705990470011983
1,2.409,4.9766,1.0,-13.498485491185837
1,2.443,4.994,1.0,-13.201805644233568
1,2.476,5.0112000000000005,1.0,-12.898253769831348
1,2.509,5.0123999999999995,1.0,-12.879866090450852
1,2.543,5.0262,1.0,-12.633505595348137
1,2.576,5.0396,1.0,-12.403793462018978
1,2.61,5.0542,1.0,-12.1560487323016
1,2.643,5.0802,1.0,-11.694556429033852
1,2.676,5.1008000000000004,1.0,-11.336273156555
1,2.71,5.0962000000000005,1.0,-11.41700737324776
1,2.743,5.1052,1.0,-11.262502745097866
1,2.777,5.1082,1.0,-11.209866754272914
1,2.81,5.133,1.0,-10.785953473614805
1,2.844,5.136,1.0,-10.733657324285328
1,2.877,5.1418,1.0,-10.62943769532752
1,2.91,5.1372,1.0,-10.712183843861112
1,2.944,5.1526,1.0,-10.446616381168148
1,2.977,5.164,1.0,-10.25256224281005
1,3.011,5.1806,1.0,-9.974551267904015
1,3.0439999999999996,5.1866,1.0,-9.869127479808133
1,3.0780000000000003,5.1876,1.0,-9.85096646968872
1,3.1109999999999998,5.1722,1.0,-10.11819683560055
1,3.144,5.182,1.0,-9.940001197198228
1,3.178,5.204,1.0,-9.57489931521926
1,3.2110000000000003,5.212,1.0,-9.437164757989436
1,3.245,5.2136,1.0,-9.397265675333614
1,3.2779999999999996,5.224600000000001,1.0,-9.208875144318034
1,3.311,5.2387999999999995,1.0,-8.970708025441358
1,3.3449999999999998,5.233,1.0,-9.061312524704952
1,3.378,5.228,1.0,-9.147236571211035
1,3.412,5.2478,1.0,-8.803854003697143
1,3.4450000000000003,5.2582,1.0,-8.619445713520019
1,3.479,5.267,1.0,-8.476125510379637
1,3.5119999999999996,5.3002,1.0,-7.898088588481416
1,3.545,5.2824,1.0,-8.205407514799825
1,3.5789999999999997,5.304399999999999,1.0,-7.824071696035917
1,3.612,5.3188,1.0,-7.570252877855649
1,3.646,5.3208,1.0,-7.533743137080988
1,3.6790000000000003,5.322,1.0,-7.510994558088299
1,3.713,5.3406,1.0,-7.192327709879055
1,3.7460000000000004,5.349200000000001,1.0,-7.031502852605874
1,3.779,5.3568,1.0,-6.898345229369392
1,3.8129999999999997,5.3472,1.0,-7.068956052897816
1,3.846,5.3586,1.0,-6.871304255498801
1,3.88,5.3522,1.0,-6.982426734174076
1,3.9130000000000003,5.3526,1.0,-6.971596631816075
1,3.947,5.3804,1.0,-6.484452441339921
1,3.9800000000000004,5.3648,1.0,-6.756270382308722
1,4.013,5.3772,1.0,-6.541755201776461
1,4.047,5.3722,1.0,-6.63045161131623
1,4.08,5.3984000000000005,1.0,-6.166137259820628
1,4.114,5.3772,1.0,-6.536337980699646
1,4.147,5.4358,1.0,-5.555057054180597
1,4.18,5.4548000000000005,1.0,-5.240648861922073
1,4.214,5.4386,1.0,-5.509963952398049
1,4.247,5.4466,1.0,-5.36982017834943
1,4.281,5.488200000000001,1.0,-4.673261740936438
1,4.314,5.5024,1.0,-4.422566530920757
1,4.348,5.5236,1.0,-4.075553668192777
1,4.381,5.54,1.0,-3.7935399671954513
1,4.414,5.482200000000001,1.0,-4.73774849810868
1,4.448,5.511,1.0,-4.280760845038094
1,4.481,5.4958,1.0,-4.5148235300400845
1,4.515,5.5152,1.0,-4.181418365019917
1,4.548,5.5668,1.0,-3.2981514510194088
1,4.582,5.5146,1.0,-4.1781905492031886
1,4.615,5.5114,1.0,-4.2297042172184325
1,4.648,5.521800000000001,1.0,-4.046970638486469
1,4.682,5.5446,1.0,-3.6479255384806493
1,4.715,5.5476,1.0,-3.5915554362224595
1,4.749,5.5466,1.0,-3.6393912045875765
1,4.782,5.5638,1.0,-3.333303061771269
1,4.816,5.6068,1.0,-2.6087606146873576
1,4.849,5.5878,1.0,-2.9255373593766576
1,4.882,5.5832,1.0,-2.9761942063894753
1,4.916,5.6098,1.0,-2.5351173114238934
1,4.949,5.578799999999999,1.0,-3.0566817321906847
1,4.983,5.6238,1.0,-2.2861875940233234
1,5.016,5.6457999999999995,1.0,-1.9180820382569983
1,5.049,5.630599999999999,1.0,-2.183916747888035
1,5.083,5.6446,1.0,-1.935460577956425
1,5.116,5.656000000000001,1.0,-1.7385466213322331
1,5.15,5.6628,1.0,-1.6200083394894649
1,5.183,5.6454,1.0,-1.9154311390419345
1,5.217,5.6646,1.0,-1.5839539383628076
1,5.25,5.6706,1.0,-1.482448591184988
1,5.283,5.635800000000001,1.0,-2.0467572249419086
1,5.317,5.656000000000001,1.0,-1.699043945075227
1,5.35,5.6896,1.0,-1.1551040961285275
1,5.384,5.6912,1.0,-1.1176951376391342
1,5.417,5.706799999999999,1.0,-0.8511299406376803
1,5.451,5.6664,1.0,-1.5202434400950704
1,5.484,5.6777999999999995,1.0,-1.3295502748056465
1,5.517,5.6826,1.0,-1.2356898661198579
1,5.551,5.692,1.0,-1.0777805435104004
1,5.584,5.718999999999999,1.0,-0.6140672760330967
1,5.618,5.7218,1.0,-0.5607579905568905
1,5.651,5.7072,1.0,-0.8143714463134909
1,5.684,5.724600000000001,1.0,-0.5032723947989926
1,5.718,5.7286,1.0,-0.4321814980220684
1,5.751,5.7918,1.0,0.618235640998086
1,5.785,5.796,1.0,0.6756081369952116
1,5.818,5.829,1.0,1.25986941949207
1,5.852,5.8024000000000004,1.0,0.7892139531711327
1,5.885,5.833,1.0,1.30320446658281
1,5.918,5.8427999999999995,1.0,1.512238554743823
1,5.952,5.8534,1.0,1.6947155844037234
1,5.985,5.8578,1.0,1.7775548642242778
1,6.019,5.8622,1.0,1.862298034083485
1,6.052,5.8862000000000005,1.0,2.250053495811002
1,6.086,5.9044,1.0,2.5602039969175494
1,6.119,5.8549999999999995,1.0,1.7346005793377195
1,6.152,5.8832,1.0,2.2110148039849453
1,6.186,5.9422,1.0,3.2148439165006826
1,6.219,5.9488,1.0,3.3487228765414896
1,6.253,5.9238,1.0,2.9473313053198136
1,6.286,5.9322,1.0,3.0830478978474303
1,6.32,5.875400000000001,1.0,2.0666468508921843
1,6.353,5.9524,1.0,3.395802361933516
1,6.386,5.8688,1.0,2.0066226247476693
1,6.42,5.8984000000000005,1.0,2.507242290279028
1,6.453,5.9314,1.0,3.0713609315649726
1,6.487,5.9276,1.0,3.0302077153396745
1,6.52,5.93,1.0,3.0780566603205983
1,6.553,5.9332,1.0,3.1038526664783017
1,6.587,5.9284,1.0,3.026858831178645
1,6.62,5.9198,1.0,2.895271649379425
1,6.654,5.9458,1.0,3.3248018666281
1,6.687,5.9412,1.0,3.2376201969036615
1,6.721,5.9828,1.0,3.9783455774127496
1,6.754,5.9674,1.0,3.7114725861903297
1,6.787,5.9926,1.0,4.159839694329813
1,6.821,5.9442,1.0,3.3288628878602027
1,6.854,5.9648,1.0,3.6755311630924004
1,6.888,5.926,1.0,3.006802785653422
1,6.921,5.948600000000001,1.0,3.3922257645078076
1,6.955,5.9692,1.0,3.7351157909157884
1,6.988,5.9412,1.0,3.246876450135403
1,7.021000000000001,5.9896,1.0,4.105233381883311
1,7.055,5.9554,1.0,3.5187348091421233
1,7.087999999999999,5.9504,1.0,3.426687905480594
1,7.122,5.9902,1.0,4.081459605481543
1,7.154999999999999,5.9546,1.0,3.52245346857337
1,7.189,6.0164,1.0,4.583677480319346
1,7.2219999999999995,6.0154,1.0,4.546334572176236
1,7.255000000000001,6.0668,1.0,5.42612957429129
1,7.289,6.0266,1.0,4.73130457626341
1,7.321999999999999,5.9719999999999995,1.0,3.8453916655690756
1,7.356,6.0362,1.0,4.9362769791432015
1,7.388999999999999,6.0602,1.0,5.355296565043672
1,7.422000000000001,6.029999999999999,1.0,4.842390312427063
1,7.4559999999999995,6.034000000000001,1.0,4.873034336339073
1,7.489000000000001,6.0451999999999995,1.0,5.069325289791977
1,7.523,6.0688,1.0,5.471766743274533
1,7.555999999999999,6.0088,1.0,4.461413632486049
1,7.59,6.044,1.0,5.082948937812319
1,7.622999999999999,6.0594,1.0,5.355854421792112
1,7.656000000000001,6.0536,1.0,5.250730796262748
1,7.6899999999999995,6.052200000000001,1.0,5.229280567255414
1,7.723000000000001,6.0812,1.0,5.7057739658738615
1,7.757,6.0934,1.0,5.950942838944724
1,7.789999999999999,6.1512,1.0,6.885703069200706
1,7.824,6.165,1.0,7.094774257900274
1,7.856999999999999,6.292,1.0,9.234823547437365
1,7.890000000000001,6.2516,1.0,8.568608115598009
1,7.9239999999999995,6.2644,1.0,8.734593479618642
1,7.957000000000001,5.98525,0.8,5.366761758122134
1,7.991,5.9665,0.8,5.040594506389135
10,-1.0,5.5516,1.0,-1.0059410366822052
10,-0.967,5.5672,1.0,-0.7383988754891369
10,-0.933,5.511,1.0,-1.7030729984276305
10,-0.9,5.5414,1.0,-1.1660511813918495
10,-0.866,5.5906,1.0,-0.32025849067922607
10,-0.833,5.5524000000000004,1.0,-0.980533414754694
10,-0.7989999999999999,5.537000000000001,1.0,-1.2394652508864157
10,-0.766,5.572,1.0,-0.6425968484933264
10,-0.733,5.5778,1.0,-0.5473829613284065
10,-0.6990000000000001,5.5634,1.0,-0.7773708303623494
10,-0.6659999999999999,5.574199999999999,1.0,-0.5862659541734461
10,-0.632,5.5762,1.0,-0.5471110697454229
10,-0.599,5.5774,1.0,-0.5225983266382528
10,-0.5660000000000001,5.607,1.0,0.006030891914310388
10,-0.532,5.618399999999999,1.0,0.20729640047796316
10,-0.499,5.6216,1.0,0.2618771885144877
10,-0.46499999999999997,5.6206000000000005,1.0,0.2436475397636273
10,-0.43200000000000005,5.632,1.0,0.4624514458566553
10,-0.398,5.6168,1.0,0.17439529304319468
10,-0.365,5.6388,1.0,0.5776123721492077
10,-0.33199999999999996,5.6266,1.0,0.3532106630042975
10,-0.29800000000000004,5.6358,1.0,0.5155812021010053
10,-0.265,5.6464,1.0,0.7153759588169217
10,-0.23099999999999998,5.650799999999999,1.0,0.8013586541392481
10,-0.19799999999999995,5.6526,1.0,0.8140065159855459
10,-0.16400000000000003,5.6777999999999995,1.0,1.2637315845798636
10,-0.131,5.6742,1.0,1.2143610938065885
10,-0.09799999999999998,5.6636,1.0,1.0195307488653071
10,-0.06399999999999995,5.6708,1.0,1.1397325222958843
10,-0.031000000000000028,5.6624,1.0,1.0068471637383203
10,0.0029999999999998916,5.678,1.0,1.2804333306010163
10,0.03600000000000003,5.6655999999999995,1.0,1.055072726343269
10,0.07000000000000006,5.6802,1.0,1.3245482526423258
10,0.10299999999999998,5.6744,1.0,1.2081823884479892
10,0.1359999999999999,5.6762,1.0,1.2372196189628237
10,0.16999999999999993,5.6902,1.0,1.4901603956866927
10,0.20300000000000007,5.7034,1.0,1.7277661098148875
10,0.2370000000000001,5.642,1.0,0.6233520328831421
10,0.27,5.4672,1.0,-2.515107064684421
10,0.30299999999999994,5.2522,1.0,-6.363367773671245
10,0.33699999999999997,5.0154,1.0,-10.588650994473102
10,0.3700000000000001,4.7816,1.0,-14.77246042728321
10,0.4039999999999999,4.5864,1.0,-18.27419676612517
10,0.43700000000000006,4.398000000000001,1.0,-21.63487177820425
10,0.4710000000000001,4.2302,1.0,-24.63390175443348
10,0.504,4.0724,1.0,-27.44647467455143
10,0.5369999999999999,3.9432,1.0,-29.746258013437426
10,0.571,3.8280000000000003,1.0,-31.809597874867347
10,0.6040000000000001,3.7263999999999995,1.0,-33.61743217863157
10,0.6379999999999999,3.6426000000000003,1.0,-35.108633254557716
10,0.671,3.5793999999999997,1.0,-36.24125292550634
10,0.7050000000000001,3.5188,1.0,-37.323417334204464
10,0.738,3.478,1.0,-38.050346157270376
10,0.7709999999999999,3.4378,1.0,-38.760959654309964
10,0.8049999999999999,3.4046,1.0,-39.342841997285674
10,0.8380000000000001,3.3862,1.0,-39.67878017284105
10,0.8720000000000001,3.3698,1.0,-39.967614313828946
10,0.905,3.3528,1.0,-40.27164050184607
10,0.9390000000000001,3.3552,1.0,-40.22930263415923
10,0.972,3.347,1.0,-40.381019104829036
10,1.005,3.3474000000000004,1.0,-40.38243655103793
10,1.0390000000000001,3.3426,1.0,-40.47452833004523
10,1.072,3.3612,1.0,-40.14163947780256
10,1.1059999999999999,3.3738,1.0,-39.91776828881146
10,1.1389999999999998,3.3701999999999996,1.0,-39.98381069686626
10,1.1720000000000002,3.3695999999999997,1.0,-39.99264854345476
10,1.206,3.386,1.0,-39.70033049947464
10,1.2389999999999999,3.3936,1.0,-39.55781880054032
10,1.2730000000000001,3.4012000000000002,1.0,-39.410925809962144
10,1.306,3.4172,1.0,-39.12372162455811
10,1.3399999999999999,3.4328000000000003,1.0,-38.833648693166985
10,1.3730000000000002,3.4618,1.0,-38.30724232700338
10,1.4060000000000001,3.4888,1.0,-37.818280885940055
10,1.44,3.531,1.0,-37.05804162805745
10,1.4729999999999999,3.5753999999999997,1.0,-36.25770084113213
10,1.5070000000000001,3.6252000000000004,1.0,-35.36518360981302
10,1.54,3.6781999999999995,1.0,-34.416628632703144
10,1.5739999999999998,3.7444,1.0,-33.236274232079644
10,1.6070000000000002,3.8034,1.0,-32.17680042380065
10,1.6400000000000001,3.8586,1.0,-31.182730263590493
10,1.674,3.9240000000000004,1.0,-30.01683959197166
10,1.7069999999999999,3.9766,1.0,-29.08183414320929
10,1.741,4.0342,1.0,-28.047769079669564
10,1.774,4.0766,1.0,-27.293000087339284
10,1.807,4.1402,1.0,-26.154336631223128
10,1.8410000000000002,4.1701999999999995,1.0,-25.623109465887104
10,1.874,4.228800000000001,1.0,-24.57404621209218
10,1.908,4.2732,1.0,-23.78563338722005
10,1.9409999999999998,4.2968,1.0,-23.35718137666786
10,1.975,4.3402,1.0,-22.58137921917062
10,2.008,4.373,1.0,-21.9943872020224
10,2.041,4.404999999999999,1.0,-21.427908832243425
10,2.075,4.4466,1.0,-20.675926309104067
10,2.108,4.470599999999999,1.0,-20.256885741142945
10,2.142,4.5024,1.0,-19.681345683739075
10,2.175,4.5348,1.0,-19.106326863797825
10,2.209,4.5485999999999995,1.0,-18.858717201479994
10,2.242,4.581799999999999,1.0,-18.26179398079541
10,2.275,4.6091999999999995,1.0,-17.764897070447624
10,2.309,4.6234,1.0,-17.512996010586516
10,2.342,4.6586,1.0,-16.877804661793522
10,2.376,4.682,1.0,-16.452901380710724
10,2.409,4.707800000000001,1.0,-16.004503006951317
10,2.443,4.723599999999999,1.0,-15.716811111620164
10,2.476,4.741,1.0,-15.404381847311146
10,2.509,4.7623999999999995,1.0,-15.02636625117051
10,2.543,4.7842,1.0,-14.63498549609869
10,2.576,4.7904,1.0,-14.521738824233589
10,2.61,4.808,1.0,-14.207133318821402
10,2.643,4.8234,1.0,-13.930155662911782
10,2.676,4.8368,1.0,-13.692903182845555
10,2.71,4.8472,1.0,-13.51227958963841
10,2.743,4.8637999999999995,1.0,-13.215134894647074
10,2.777,4.8751999999999995,1.0,-13.017160541025415
10,2.81,4.881600000000001,1.0,-12.90366522122724
10,2.844,4.886,1.0,-12.827178812620776
10,2.877,4.8954,1.0,-12.66644766717369
10,2.91,4.911,1.0,-12.383888479207704
10,2.944,4.918,1.0,-12.257410090123535
10,2.977,4.9234,1.0,-12.165870848436198
10,3.011,4.9472000000000005,1.0,-11.750444369724873
10,3.0439999999999996,4.9434,1.0,-11.811200824268564
10,3.0780000000000003,4.9548000000000005,1.0,-11.610256170545671
10,3.1109999999999998,4.9656,1.0,-11.409804080195617
10,3.144,4.9704,1.0,-11.331201275474198
10,3.178,4.9728,1.0,-11.28550581263325
10,3.2110000000000003,5.0008,1.0,-10.787492332035331
10,3.245,5.0078000000000005,1.0,-10.6656546411517
10,3.2779999999999996,5.009600000000001,1.0,-10.63185914303423
10,3.311,5.0214,1.0,-10.42076205716693
10,3.3449999999999998,5.0207999999999995,1.0,-10.433626625894076
10,3.378,5.0408,1.0,-10.072308252234915
10,3.412,5.0451999999999995,1.0,-9.999506887684495
10,3.4450000000000003,5.062,1.0,-9.694614003207601
10,3.479,5.0714,1.0,-9.525700000484601
10,3.5119999999999996,5.0768,1.0,-9.437271224330761
10,3.545,5.0902,1.0,-9.190237682880355
10,3.5789999999999997,5.0962000000000005,1.0,-9.090294550729677
10,3.612,5.1122,1.0,-8.794527953001268
10,3.646,5.121,1.0,-8.64922515452822
10,3.6790000000000003,5.125,1.0,-8.570104401046597
10,3.713,5.1396,1.0,-8.307650482716435
10,3.7460000000000004,5.1474,1.0,-8.184534361946948
10,3.779,5.1498,1.0,-8.13868317511501
10,3.8129999999999997,5.150399999999999,1.0,-8.130760736188446
10,3.846,5.1556,1.0,-8.051067471520938
10,3.88,5.1495999999999995,1.0,-8.154342128112148
10,3.9130000000000003,5.1457999999999995,1.0,-8.21833141534926
10,3.947,5.1564,1.0,-8.034121453997614
10,3.9800000000000004,5.1701999999999995,1.0,-7.795276260666624
10,4.013,5.165,1.0,-7.88032669566721
10,4.047,5.1912,1.0,-7.4229775171954255
10,4.08,5.2056,1.0,-7.168145570003377
10,4.114,5.1886,1.0,-7.4670049263230585
10,4.147,5.2062,1.0,-7.141290212798891
10,4.18,5.2226,1.0,-6.860203701843997
10,4.214,5.2452,1.0,-6.465381713973528
10,4.247,5.261799999999999,1.0,-6.171046537128342
10,4.281,5.2584,1.0,-6.216369734796891
10,4.314,5.271,1.0,-5.994481966791958
10,4.348,5.2786,1.0,-5.860567578787814
10,4.381,5.2818,1.0,-5.798217575565132
10,4.414,5.2834,1.0,-5.773879007814189
10,4.448,5.292199999999999,1.0,-5.606603506258883
10,4.481,5.2938,1.0,-5.5824884529641166
10,4.515,5.2966,1.0,-5.533078111786862
10,4.548,5.301399999999999,1.0,-5.437507294785561
10,4.582,5.3058,1.0,-5.361237972421717
10,4.615,5.319,1.0,-5.1196925101258195
10,4.648,5.3372,1.0,-4.790468025533217
10,4.682,5.337400000000001,1.0,-4.786143566612173
10,4.715,5.3396,1.0,-4.754430552319915
10,4.749,5.3591999999999995,1.0,-4.405880285435833
10,4.782,5.369,1.0,-4.232708377101322
10,4.816,5.3702,1.0,-4.209247834435916
10,4.849,5.3839999999999995,1.0,-3.9719472891918235
10,4.882,5.3870000000000005,1.0,-3.9203012463314857
10,4.916,5.4046,1.0,-3.598743931116168
10,4.949,5.4098,1.0,-3.5134608756885455
10,4.983,5.4264,1.0,-3.2263326112991075
10,5.016,5.4426000000000005,1.0,-2.939711060479977
10,5.049,5.4288,1.0,-3.1822790080655494
10,5.083,5.4328,1.0,-3.1075924376108732
10,5.116,5.4441999999999995,1.0,-2.918221875115572
10,5.15,5.44,1.0,-2.9900364537123747
10,5.183,5.4496,1.0,-2.8209409017045317
10,5.217,5.454,1.0,-2.7363165943907686
10,5.25,5.461,1.0,-2.6101233621566577
10,5.283,5.4658,1.0,-2.5252719262739243
10,5.317,5.464,1.0,-2.539238635386778
10,5.35,5.4668,1.0,-2.4964026554013308
10,5.384,5.482200000000001,1.0,-2.2228477293447835
10,5.417,5.490399999999999,1.0,-2.063998731725694
10,5.451,5.4958,1.0,-1.9581803650588547
10,5.484,5.498399999999999,1.0,-1.9190517005700691
10,5.517,5.4936,1.0,-1.9994759117274707
10,5.551,5.5128,1.0,-1.661263976618661
10,5.584,5.5046,1.0,-1.8067833250401066
10,5.618,5.5144,1.0,-1.6291286747880207
10,5.651,5.536,1.0,-1.2402080004171356
10,5.684,5.5222,1.0,-1.4936550860250808
10,5.718,5.5228,1.0,-1.4799057287809791
10,5.751,5.522,1.0,-1.4837392446122455
10,5.785,5.5296,1.0,-1.351911503555554
10,5.818,5.5356000000000005,1.0,-1.2406217007373077
10,5.852,5.5362,1.0,-1.2383882407513558
10,5.885,5.5308,1.0,-1.3236396814076135
10,5.918,5.5346,1.0,-1.2550283709231702
10,5.952,5.542,1.0,-1.1351127217757728
10,5.985,5.5456,1.0,-1.0613736173239618
10,6.019,5.5708,1.0,-0.6164981345003628
10,6.052,5.5768,1.0,-0.5135218928659047
10,6.086,5.5728,1.0,-0.5875225403142403
10,6.119,5.5602,1.0,-0.7978124832546052
10,6.152,5.574599999999999,1.0,-0.5336728078219655
10,6.186,5.5892,1.0,-0.2801810006400429
10,6.219,5.5844000000000005,1.0,-0.37325648450278415
10,6.253,5.574800000000001,1.0,-0.5473011640206882
10,6.286,5.5844000000000005,1.0,-0.3762603679262644
10,6.32,5.554399999999999,1.0,-0.9084507110855956
10,6.353,5.5512,1.0,-0.9674235699637723
10,6.386,5.5566,1.0,-0.8821477443956427
10,6.42,5.549,1.0,-1.0146740154904799
10,6.453,5.5607999999999995,1.0,-0.8033874404552744
10,6.487,5.5611999999999995,1.0,-0.8009558868834766
10,6.52,5.5606,1.0,-0.8062190510606658
10,6.553,5.5636,1.0,-0.7522233146811885
10,6.587,5.5546,1.0,-0.9227926934287067
10,6.62,5.5588,1.0,-0.8528434325004675
10,6.654,5.5538,1.0,-0.9311763789069282
10,6.687,5.5652,1.0,-0.7296910294274306
10,6.721,5.5682,1.0,-0.6855690186047192
10,6.754,5.5784,1.0,-0.49896099484552314
10,6.787,5.5896,1.0,-0.29585522419416144
10,6.821,5.5872,1.0,-0.3440883929948657
10,6.854,5.5852,1.0,-0.3773364332463247
10,6.888,5.5984,1.0,-0.14528813536171858
10,6.921,5.596,1.0,-0.18435902107075242
10,6.955,5.6,1.0,-0.10553161043346249
10,6.988,5.6134,1.0,0.12959451070321704
10,7.021000000000001,5.6082,1.0,0.031398734168284204
10,7.055,5.617,1.0,0.19306383180399678
10,7.087999999999999,5.6218,1.0,0.27044316869681007
10,7.122,5.6116,1.0,0.0875525057054416
10,7.154999999999999,5.631,1.0,0.4325226002503957
10,7.189,5.6352,1.0,0.5058059208885979
10,7.2219999999999995,5.6356,1.0,0.5127085871879267
10,7.255000000000001,5.6208,1.0,0.25475020816605254
10,7.289,5.6404000000000005,1.0,0.5988898892203665
10,7.321999999999999,5.626399999999999,1.0,0.3567831164271217
10,7.356,5.635,1.0,0.5128496696245778
10,7.388999999999999,5.6436,1.0,0.6654074044002511
10,7.422000000000001,5.6482,1.0,0.7468572286649255
10,7.4559999999999995,5.654999999999999,1.0,0.871343995517997
10,7.489000000000001,5.6752,1.0,1.2463386378658514
10,7.523,5.6686,1.0,1.1333983511999348
10,7.555999999999999,5.6716,1.0,1.1740026370374035
10,7.59,5.6838,1.0,1.39019529311321
10,7.622999999999999,5.6948,1.0,1.593188504504759
10,7.656000000000001,5.680400000000001,1.0,1.3413543752929047
10,7.6899999999999995,5.691599999999999,1.0,1.5333608704011858
10,7.723000000000001,5.714,1.0,1.9293083086741003
10,7.757,5.7216000000000005,1.0,2.072525602821169
10,7.789999999999999,5.7458,1.0,2.4852703561597815
10,7.824,5.7528,1.0,2.6103790625189704
10,7.856999999999999,5.7696,1.0,2.913849638426138
10,7.890000000000001,5.766,1.0,2.854260143330769
10,7.9239999999999995,5.7668,1.0,2.863139099227005
10,7.957000000000001,5.7664,1.0,2.8586675202428435
10,7.991,5.7896,1.0,3.273533166125488
50,-1.0,5.782,1.0,-0.8510149129901624
50,-0.967,5.7716,1.0,-1.011909085922047
50,-0.933,5.7652,1.0,-1.119715655716358
50,-0.9,5.7742,1.0,-0.9809280162328049
50,-0.866,5.788200000000001,1.0,-0.732392707090701
50,-0.833,5.7478,1.0,-1.4212107662478624
50,-0.7989999999999999,5.7612000000000005,1.0,-1.2040419902016808
50,-0.766,5.8182,1.0,-0.21357915122302007
50,-0.733,5.8106,1.0,-0.33362651211341854
50,-0.6990000000000001,5.8072,1.0,-0.3980808095159061
50,-0.6659999999999999,5.812,1.0,-0.3182199685365239
50,-0.632,5.8152,1.0,-0.25718859366446356
50,-0.599,5.8096000000000005,1.0,-0.3531149652573884
50,-0.5660000000000001,5.8246,1.0,-0.1058378296834861
50,-0.532,5.8128,1.0,-0.30619972359527736
50,-0.499,5.8414,1.0,0.19266275041748937
50,-0.46499999999999997,5.8542000000000005,1.0,0.41663756940232055
50,-0.43200000000000005,5.833,1.0,0.04326720330439793
50,-0.398,5.843999999999999,1.0,0.24427929131004555
50,-0.365,5.853,1.0,0.38871768161877096
50,-0.33199999999999996,5.8664000000000005,1.0,0.6209639616233398
50,-0.29800000000000004,5.8634,1.0,0.5750089016676307
50,-0.265,5.859,1.0,0.5061627145972514
50,-0.23099999999999998,5.8716,1.0,0.7194488130253518
50,-0.19799999999999995,5.888,1.0,0.9934118492950317
50,-0.16400000000000003,5.8808,1.0,0.8784718220153964
50,-0.131,5.894,1.0,1.1049127778079582
50,-0.09799999999999998,5.8872,1.0,0.9870816020093365
50,-0.06399999999999995,5.8856,1.0,0.9653893752836673
50,-0.031000000000000028,5.886,1.0,0.9706443746132232
50,0.0029999999999998916,5.8868,1.0,0.9832250609465554
50,0.03600000000000003,5.888,1.0,1.0041900778373325
50,0.07000000000000006,5.883,1.0,0.9181213383263209
50,0.10299999999999998,5.8998,1.0,1.2059199709915358
50,0.1359999999999999,5.9026,1.0,1.2512942648442715
50,0.16999999999999993,5.8864,1.0,0.9694854838424316
50,0.20300000000000007,5.896800000000001,1.0,1.1453826904203268
50,0.2370000000000001,5.831799999999999,1.0,0.03449972618480901
50,0.27,5.6604,1.0,-2.9109095512986904
50,0.30299999999999994,5.464799999999999,1.0,-6.275315653474681
50,0.33699999999999997,5.237399999999999,1.0,-10.181930080672165
50,0.3700000000000001,5.0114,1.0,-14.062401321563803
50,0.4039999999999999,4.8232,1.0,-17.288668644111247
50,0.43700000000000006,4.636,1.0,-20.506920787288944
50,0.4710000000000001,4.4406,1.0,-23.85347427614369
50,0.504,4.296799999999999,1.0,-26.318630030837323
50,0.5369999999999999,4.151,1.0,-28.819478656137147
50,0.571,4.0192,1.0,-31.079653728446836
50,0.6040000000000001,3.9154000000000004,1.0,-32.85821198395452
50,0.6379999999999999,3.8264000000000005,1.0,-34.38515337493932
50,0.671,3.743,1.0,-35.81480086290981
50,0.7050000000000001,3.6708,1.0,-37.04851775619453
50,0.738,3.6149999999999998,1.0,-38.0023567474242
50,0.7709999999999999,3.5604,1.0,-38.94131773400572
50,0.8049999999999999,3.5098,1.0,-39.80870020810686
50,0.8380000000000001,3.467,1.0,-40.54379421020396
50,0.8720000000000001,3.4344,1.0,-41.10196228860113
50,0.905,3.4052,1.0,-41.59745177444479
50,0.9390000000000001,3.3758000000000004,1.0,-42.10577309354993
50,0.972,3.3524000000000003,1.0,-42.50307021157092
50,1.005,3.3372,1.0,-42.76607259451884
50,1.0390000000000001,3.3266,1.0,-42.94080003135633
50,1.072,3.3104,1.0,-43.21738087323204
50,1.1059999999999999,3.2994,1.0,-43.402810179055486
50,1.1389999999999998,3.2967999999999997,1.0,-43.445030753257456
50,1.1720000000000002,3.2916,1.0,-43.53300033059793
50,1.206,3.2903999999999995,1.0,-43.549514161606794
50,1.2389999999999999,3.3,1.0,-43.379232322365475
50,1.2730000000000001,3.2909999999999995,1.0,-43.523231509187426
50,1.306,3.3002000000000002,1.0,-43.3575924576137
50,1.3399999999999999,3.306,1.0,-43.256290382537365
50,1.3730000000000002,3.332,1.0,-42.801668903076155
50,1.4060000000000001,3.346,1.0,-42.55921174908992
50,1.44,3.3792,1.0,-41.97970455187724
50,1.4729999999999999,3.4213999999999998,1.0,-41.248973807737464
50,1.5070000000000001,3.4619999999999997,1.0,-40.55287613721202
50,1.54,3.5195999999999996,1.0,-39.56728400083506
50,1.5739999999999998,3.5738,1.0,-38.62517959319413
50,1.6070000000000002,3.6252000000000004,1.0,-37.74121393497761
50,1.6400000000000001,3.6856,1.0,-36.71180775605965
50,1.674,3.7506,1.0,-35.59324338841628
50,1.7069999999999999,3.8058,1.0,-34.64439354248928
50,1.741,3.8608,1.0,-33.70243344533293
50,1.774,3.9212000000000002,1.0,-32.67216850069475
50,1.807,3.973,1.0,-31.781786541851478
50,1.8410000000000002,4.022,1.0,-30.946448319211022
50,1.874,4.0668,1.0,-30.173979692480025
50,1.908,4.1129999999999995,1.0,-29.384136226987074
50,1.9409999999999998,4.1556,1.0,-28.65705277205412
50,1.975,4.1968000000000005,1.0,-27.949001703520025
50,2.008,4.2436,1.0,-27.151959274764447
50,2.041,4.2714,1.0,-26.67192537429677
50,2.075,4.3094,1.0,-26.021939395080608
50,2.108,4.349200000000001,1.0,-25.337475582790915
50,2.142,4.3736,1.0,-24.919060811019243
50,2.175,4.3994,1.0,-24.47782264571817
50,2.209,4.4364,1.0,-23.84011758841787
50,2.242,4.462999999999999,1.0,-23.38538077273661
50,2.275,4.4916,1.0,-22.899585210844084
50,2.309,4.525399999999999,1.0,-22.318278328953237
50,2.342,4.538600000000001,1.0,-22.093888694935806
50,2.376,4.5600000000000005,1.0,-21.72169231572799
50,2.409,4.5858,1.0,-21.280262651401593
50,2.443,4.607200000000001,1.0,-20.915620930634525
50,2.476,4.6222,1.0,-20.653688702882533
50,2.509,4.65,1.0,-20.181277614938047
50,2.543,4.674200000000001,1.0,-19.763896996771813
50,2.576,4.688599999999999,1.0,-19.518713643629578
50,2.61,4.7096,1.0,-19.154677765767588
50,2.643,4.7254000000000005,1.0,-18.889096390762262
50,2.676,4.7466,1.0,-18.520829482988926
50,2.71,4.759600000000001,1.0,-18.29777690814953
50,2.743,4.7728,1.0,-18.07161796957515
50,2.777,4.785,1.0,-17.862993226367376
50,2.81,4.7992,1.0,-17.615669890593303
50,2.844,4.8212,1.0,-17.246755497555313
50,2.877,4.8214,1.0,-17.23961314224771
50,2.91,4.8416,1.0,-16.88775948798219
50,2.944,4.8518,1.0,-16.71834075104305
50,2.977,4.860200000000001,1.0,-16.56969429246579
50,3.011,4.876600000000001,1.0,-16.291742463630285
50,3.0439999999999996,4.8856,1.0,-16.139687745472173
50,3.0780000000000003,4.8994,1.0,-15.896212774684917
50,3.1109999999999998,4.9144,1.0,-15.644980672370668
50,3.144,4.9118,1.0,-15.687368251823944
50,3.178,4.925,1.0,-15.457524686070192
50,3.2110000000000003,4.9458,1.0,-15.099742481723533
50,3.245,4.955,1.0,-14.944784045154824
50,3.2779999999999996,4.961,1.0,-14.837231743520306
50,3.311,4.9704,1.0,-14.679441438787256
50,3.3449999999999998,4.9841999999999995,1.0,-14.441050117408603
50,3.378,4.997999999999999,1.0,-14.200468063492703
50,3.412,4.9962,1.0,-14.230037899143642
50,3.4450000000000003,5.0106,1.0,-13.98453921402463
50,3.479,5.0126,1.0,-13.956842004546008
50,3.5119999999999996,5.0282,1.0,-13.677375961494741
50,3.545,5.0402000000000005,1.0,-13.472383214960692
50,3.5789999999999997,5.045,1.0,-13.39745129716253
50,3.612,5.0522,1.0,-13.267106767668782
50,3.646,5.081,1.0,-12.772907059495978
50,3.6790000000000003,5.0712,1.0,-12.945338182963201
50,3.713,5.0920000000000005,1.0,-12.582753276681945
50,3.7460000000000004,5.0972,1.0,-12.48540668569052
50,3.779,5.1106,1.0,-12.26261214855909
50,3.8129999999999997,5.119400000000001,1.0,-12.111640661413652
50,3.846,5.1304,1.0,-11.91454056877561
50,3.88,5.1462,1.0,-11.639466295725375
50,3.9130000000000003,5.1562,1.0,-11.472073240443647
50,3.947,5.1568,1.0,-11.462168421514423
50,3.9800000000000004,5.178,1.0,-11.101242883605561
50,4.013,5.1828,1.0,-11.015556433977014
50,4.047,5.180400000000001,1.0,-11.05476629942483
50,4.08,5.2034,1.0,-10.66132411328591
50,4.114,5.2076,1.0,-10.58552221939704
50,4.147,5.212400000000001,1.0,-10.505341729903297
50,4.18,5.2142,1.0,-10.47577343750195
50,4.214,5.2166,1.0,-10.43322958889956
50,4.247,5.2298,1.0,-10.20450162727166
50,4.281,5.2442,1.0,-9.95989534670007
50,4.314,5.2387999999999995,1.0,-10.052678243466534
50,4.348,5.2378,1.0,-10.077627858687276
50,4.381,5.259,1.0,-9.710724600449149
50,4.414,5.2516,1.0,-9.840637787817025
50,4.448,5.268800000000001,1.0,-9.542324832739418
50,4.481,5.276000000000001,1.0,-9.421369154578773
50,4.515,5.2828,1.0,-9.308412073683563
50,4.548,5.2798,1.0,-9.361001083775024
50,4.582,5.2972,1.0,-9.0695872723564
50,4.615,5.314,1.0,-8.777333286205467
50,4.648,5.3027999999999995,1.0,-8.964738676568505
50,4.682,5.3124,1.0,-8.796337056978345
50,4.715,5.3346,1.0,-8.419961004694162
50,4.749,5.34,1.0,-8.323882536858914
50,4.782,5.34,1.0,-8.320391659340752
50,4.816,5.3504,1.0,-8.14783310361797
50,4.849,5.3606,1.0,-7.969755068195153
50,4.882,5.3664000000000005,1.0,-7.8687290704027335
50,4.916,5.3748,1.0,-7.728524897693518
50,4.949,5.3948,1.0,-7.392870741638873
50,4.983,5.3992,1.0,-7.312791436418951
50,5.016,5.417199999999999,1.0,-7.007315126728676
50,5.049,5.4136,1.0,-7.0735976017650115
50,5.083,5.4206,1.0,-6.951133008351671
50,5.116,5.425,1.0,-6.871696913254605
50,5.15,5.423,1.0,-6.915073445870803
50,5.183,5.4404,1.0,-6.620575176360151
50,5.217,5.4364,1.0,-6.688611460602909
50,5.25,5.4399999999999995,1.0,-6.631536231535671
50,5.283,5.4382,1.0,-6.659528270576919
50,5.317,5.452,1.0,-6.421578089059234
50,5.35,5.4612,1.0,-6.274902661487947
50,5.384,5.4592,1.0,-6.312276449980319
50,5.417,5.4677999999999995,1.0,-6.1622985141398505
50,5.451,5.487,1.0,-5.83049658961072
50,5.484,5.4718,1.0,-6.091268484077483
50,5.517,5.490600000000001,1.0,-5.775954339811181
50,5.551,5.4894,1.0,-5.797046793276923
50,5.584,5.4924,1.0,-5.743990849441171
50,5.618,5.5008,1.0,-5.592368801794105
50,5.651,5.5164,1.0,-5.33170460864504
50,5.684,5.510199999999999,1.0,-5.450024317700512
50,5.718,5.5200000000000005,1.0,-5.265861908704559
50,5.751,5.5142,1.0,-5.365783370354789
50,5.785,5.507,1.0,-5.487674828651321
50,5.818,5.5248,1.0,-5.187484772104782
50,5.852,5.5418,1.0,-4.9051927794850325
50,5.885,5.534000000000001,1.0,-5.034206739005723
50,5.918,5.54,1.0,-4.92511569746876
50,5.952,5.555,1.0,-4.670126531575249
50,5.985,5.5573999999999995,1.0,-4.625940033428952
50,6.019,5.5526,1.0,-4.703527542685029
50,6.052,5.5634,1.0,-4.521931317949601
50,6.086,5.5718000000000005,1.0,-4.379975755307855
50,6.119,5.5862,1.0,-4.133527805013545
50,6.152,5.588,1.0,-4.099166486523596
50,6.186,5.593,1.0,-4.013239014495844
50,6.219,5.5958,1.0,-3.969903095252943
50,6.253,5.581,1.0,-4.22172361732329
50,6.286,5.5912,1.0,-4.045461132890047
50,6.32,5.5948,1.0,-3.9774208370902975
50,6.353,5.6114,1.0,-3.6891613530113077
50,6.386,5.63,1.0,-3.3783480775137975
50,6.42,5.615399999999999,1.0,-3.635006685487938
50,6.453,5.6324,1.0,-3.335310451647562
50,6.487,5.6284,1.0,-3.4046916614757117
50,6.52,5.6108,1.0,-3.7071074672587434
50,6.553,5.6411999999999995,1.0,-3.189926292985528
50,6.587,5.663,1.0,-2.820451919232163
50,6.62,5.6434,1.0,-3.1516723066443153
50,6.654,5.639200000000001,1.0,-3.211354623006204
50,6.687,5.6476,1.0,-3.0701754969084694
50,6.721,5.6548,1.0,-2.9504611571801354
50,6.754,5.66,1.0,-2.8610836906989134
50,6.787,5.6658,1.0,-2.76192552199527
50,6.821,5.6646,1.0,-2.780805277465692
50,6.854,5.6924,1.0,-2.3139764344942026
50,6.888,5.6802,1.0,-2.5067774757867434
50,6.921,5.6928,1.0,-2.3012531827686367
50,6.955,5.691599999999999,1.0,-2.3184497061295213
50,6.988,5.6983999999999995,1.0,-2.196450877943421
50,7.021000000000001,5.7222,1.0,-1.7932059083102048
50,7.055,5.7042,1.0,-2.0888132208261423
50,7.087999999999999,5.6898,1.0,-2.3266223251771434
50,7.122,5.703799999999999,1.0,-2.08982036324868
50,7.154999999999999,5.6966,1.0,-2.2134312023472957
50,7.189,5.7268,1.0,-1.6877299479977492
50,7.2219999999999995,5.7344,1.0,-1.5708593407385643
50,7.255000000000001,5.7282,1.0,-1.6710331137614864
50,7.289,5.7386,1.0,-1.4890271251248755
50,7.321999999999999,5.753,1.0,-1.2505732310120756
50,7.356,5.765,1.0,-1.0353788613010217
50,7.388999999999999,5.762600000000001,1.0,-1.075081160926854
50,7.422000000000001,5.7692,1.0,-0.9673930386465003
50,7.4559999999999995,5.7644,1.0,-1.0460377837680235
50,7.489000000000001,5.755599999999999,1.0,-1.1962413822816553
50,7.523,5.7674,1.0,-0.9981853994772028
50,7.555999999999999,5.7783999999999995,1.0,-0.8050082118406634
50,7.59,5.789,1.0,-0.6298216113229825
50,7.622999999999999,5.7834,1.0,-0.7264015928721279
50,7.656000000000001,5.7854,1.0,-0.6901939869670914
50,7.6899999999999995,5.7724,1.0,-0.9125633800757662
50,7.723000000000001,5.7744,1.0,-0.879670195784259
50,7.757,5.7598,1.0,-1.126569059426934
50,7.789999999999999,5.774,1.0,-0.8952477686295568
50,7.824,5.7972,1.0,-0.4858058559222811
50,7.856999999999999,5.7826,1.0,-0.7382336663531719
50,7.890000000000001,5.8,1.0,-0.44894162835204643
50,7.9239999999999995,5.792800000000001,1.0,-0.55734543687171
50,7.957000000000001,5.796,1.0,-0.5072717992731568
50,7.991,5.8142,1.0,-0.20428281588145794
121,-1.0,5.7394,1.0,-0.2653738653978732
121,-0.967,5.7204,1.0,-0.5468917335527346
121,-0.933,5.7177999999999995,1.0,-0.5883789717281163
121,-0.9,5.706799999999999,1.0,-0.7782449884946052
121,-0.866,5.7116,1.0,-0.683950460969105
121,-0.833,5.683,1.0,-1.15946973540759
121,-0.7989999999999999,5.7122,1.0,-0.6571943581757722
121,-0.766,5.7052,1.0,-0.7784649952459688
121,-0.733,5.7074,1.0,-0.7221389821918467
121,-0.6990000000000001,5.715999999999999,1.0,-0.5706552563611433
121,-0.6659999999999999,5.707800000000001,1.0,-0.7195537199752433
121,-0.632,5.720000000000001,1.0,-0.5016581516453988
121,-0.599,5.7282,1.0,-0.35871156462428555
121,-0.5660000000000001,5.732200000000001,1.0,-0.28989186686473767
121,-0.532,5.7542,1.0,0.09795163087111591
121,-0.499,5.7536000000000005,1.0,0.08497295080805545
121,-0.46499999999999997,5.748,1.0,-5.837476565684341e-05
121,-0.43200000000000005,5.7638,1.0,0.27343156368591526
121,-0.398,5.7562,1.0,0.12708078702127867
121,-0.365,5.768,1.0,0.3410832178004375
121,-0.33199999999999996,5.7905999999999995,1.0,0.7249492545434588
121,-0.29800000000000004,5.787999999999999,1.0,0.6825989569418534
121,-0.265,5.7844,1.0,0.624664365269374
121,-0.23099999999999998,5.798,1.0,0.856404525543728
121,-0.19799999999999995,5.7902000000000005,1.0,0.7169253821953658
121,-0.16400000000000003,5.7872,1.0,0.6623183911358543
121,-0.131,5.7874,1.0,0.6690051725635326
121,-0.09799999999999998,5.7982,1.0,0.8514730242295476
121,-0.06399999999999995,5.792,1.0,0.7524854748360044
121,-0.031000000000000028,5.8156,1.0,1.1552923279545046
121,0.0029999999999998916,5.814,1.0,1.145067258099357
121,0.03600000000000003,5.7968,1.0,0.8393002190903598
121,0.07000000000000006,5.7988,1.0,0.8729094244449387
121,0.10299999999999998,5.8052,1.0,0.9845436070585833
121,0.1359999999999999,5.8076,1.0,1.030193481831465
121,0.16999999999999993,5.8142,1.0,1.1377672612888912
121,0.20300000000000007,5.825200000000001,1.0,1.336748198610973
121,0.2370000000000001,5.7516,1.0,0.05349180609493853
121,0.27,5.6216,1.0,-2.2426744714512292
121,0.30299999999999994,5.4158,1.0,-5.834957964139497
121,0.33699999999999997,5.1914,1.0,-9.751926457594616
121,0.3700000000000001,4.9938,1.0,-13.202216800729014
121,0.4039999999999999,4.7951999999999995,1.0,-16.686478683706685
121,0.43700000000000006,4.6178,1.0,-19.772683686439226
121,0.4710000000000001,4.4388,1.0,-22.907034664192032
121,0.504,4.2938,1.0,-25.427845196834323
121,0.5369999999999999,4.1512,1.0,-27.899649246755178
121,0.571,4.0212,1.0,-30.1739128530318
121,0.6040000000000001,3.9094,1.0,-32.11620502720051
121,0.6379999999999999,3.8192,1.0,-33.68268203122417
121,0.671,3.7251999999999996,1.0,-35.30608860332843
121,0.7050000000000001,3.6537999999999995,1.0,-36.546286775755426
121,0.738,3.5852000000000004,1.0,-37.73139794159292
121,0.7709999999999999,3.5317999999999996,1.0,-38.65100643091836
121,0.8049999999999999,3.4778,1.0,-39.584026407664226
121,0.8380000000000001,3.4265999999999996,1.0,-40.467814534582274
121,0.8720000000000001,3.3874000000000004,1.0,-41.143742402843806
121,0.905,3.3533999999999997,1.0,-41.73064119995568
121,0.9390000000000001,3.3147999999999995,1.0,-42.39410628764763
121,0.972,3.2958,1.0,-42.73222545903867
121,1.005,3.2603999999999997,1.0,-43.33336042994834
121,1.0390000000000001,3.2385999999999995,1.0,-43.709635945654355
121,1.072,3.2134,1.0,-44.139078565428164
121,1.1059999999999999,3.1968,1.0,-44.424581823811145
121,1.1389999999999998,3.175,1.0,-44.79005372090092
121,1.1720000000000002,3.1550000000000002,1.0,-45.14782613038409
121,1.206,3.1454,1.0,-45.305653860449794
121,1.2389999999999999,3.1248,1.0,-45.65294320063988
121,1.2730000000000001,3.1222000000000003,1.0,-45.70039978324574
121,1.306,3.1112,1.0,-45.87575830270056
121,1.3399999999999999,3.1098,1.0,-45.883487605837956
121,1.3730000000000002,3.12,1.0,-45.714172732449356
121,1.4060000000000001,3.1374,1.0,-45.395554877445335
121,1.44,3.1513999999999998,1.0,-45.133872230773974
121,1.4729999999999999,3.1854,1.0,-44.53669943140885
121,1.5070000000000001,3.214,1.0,-44.033612301797504
121,1.54,3.2628,1.0,-43.176484727156385
121,1.5739999999999998,3.3044,1.0,-42.4514108397256
121,1.6070000000000002,3.3619999999999997,1.0,-41.43953269155965
121,1.6400000000000001,3.4248,1.0,-40.34292409010893
121,1.674,3.4882,1.0,-39.23105048342594
121,1.7069999999999999,3.5409999999999995,1.0,-38.31853484601693
121,1.741,3.5962000000000005,1.0,-37.34526638367545
121,1.774,3.665,1.0,-36.14837482083152
121,1.807,3.7119999999999997,1.0,-35.32926309797848
121,1.8410000000000002,3.771,1.0,-34.29966717934194
121,1.874,3.8394,1.0,-33.11320135190972
121,1.908,3.8781999999999996,1.0,-32.441346791228725
121,1.9409999999999998,3.9230000000000005,1.0,-31.650247360681487
121,1.975,3.968,1.0,-30.87437090222162
121,2.008,4.0058,1.0,-30.214304391531982
121,2.041,4.0578,1.0,-29.3099004453686
121,2.075,4.0988,1.0,-28.59602553148867
121,2.108,4.1292,1.0,-28.062388927203948
121,2.142,4.175,1.0,-27.264390944908563
121,2.175,4.2046,1.0,-26.74907612088965
121,2.209,4.235200000000001,1.0,-26.212312067610355
121,2.242,4.2714,1.0,-25.58812241089762
121,2.275,4.2964,1.0,-25.149600267374296
121,2.309,4.3232,1.0,-24.69133057705647
121,2.342,4.3454,1.0,-24.301290190127506
121,2.376,4.3839999999999995,1.0,-23.622542295565417
121,2.409,4.4058,1.0,-23.246095391010595
121,2.443,4.4338,1.0,-22.761612613249916
121,2.476,4.451,1.0,-22.45650118430128
121,2.509,4.4704,1.0,-22.11820595692004
121,2.543,4.5006,1.0,-21.585801710999892
121,2.576,4.514799999999999,1.0,-21.34282320948312
121,2.61,4.5394,1.0,-20.92764096654056
121,2.643,4.5634,1.0,-20.493326362407736
121,2.676,4.5882000000000005,1.0,-20.06765361696201
121,2.71,4.600199999999999,1.0,-19.849547069028723
121,2.743,4.6218,1.0,-19.47725583997671
121,2.777,4.629,1.0,-19.36514867942821
121,2.81,4.6434,1.0,-19.103469711375368
121,2.844,4.6576,1.0,-18.85380817381887
121,2.877,4.6652000000000005,1.0,-18.73858296573352
121,2.91,4.6912,1.0,-18.27321200073271
121,2.944,4.7032,1.0,-18.061498690255497
121,2.977,4.7104,1.0,-17.942066426357314
121,3.011,4.728199999999999,1.0,-17.627397395895663
121,3.0439999999999996,4.737399999999999,1.0,-17.46085962674281
121,3.0780000000000003,4.7542,1.0,-17.16206195692185
121,3.1109999999999998,4.7592,1.0,-17.080614981607738
121,3.144,4.7794,1.0,-16.726965420185735
121,3.178,4.789,1.0,-16.552916463778683
121,3.2110000000000003,4.7956,1.0,-16.43901955938535
121,3.245,4.8064,1.0,-16.25075106462534
121,3.2779999999999996,4.8216,1.0,-15.99019907795606
121,3.311,4.8314,1.0,-15.81667427445108
121,3.3449999999999998,4.8452,1.0,-15.568319041959631
121,3.378,4.8596,1.0,-15.329408062984887
121,3.412,4.8662,1.0,-15.209063101720321
121,3.4450000000000003,4.8788,1.0,-14.990296849040755
121,3.479,4.888199999999999,1.0,-14.821174703506188
121,3.5119999999999996,4.8950000000000005,1.0,-14.708398722576641
121,3.545,4.9082,1.0,-14.479400759573338
121,3.5789999999999997,4.9234,1.0,-14.21828401935538
121,3.612,4.923399999999999,1.0,-14.215804320608816
121,3.646,4.9332,1.0,-14.048599083471647
121,3.6790000000000003,4.9475999999999996,1.0,-13.791853908669719
121,3.713,4.9521999999999995,1.0,-13.715203180083844
121,3.7460000000000004,4.9552,1.0,-13.66658794018237
121,3.779,4.9636,1.0,-13.51608542292177
121,3.8129999999999997,4.968999999999999,1.0,-13.430252965708224
121,3.846,4.968,1.0,-13.444504982473926
121,3.88,4.9918,1.0,-13.025651086995623
121,3.9130000000000003,5.002599999999999,1.0,-12.840354144362234
121,3.947,5.018,1.0,-12.570212021605155
121,3.9800000000000004,5.0165999999999995,1.0,-12.595543561948968
121,4.013,5.026,1.0,-12.44522777630581
121,4.047,5.0338,1.0,-12.311033088706537
121,4.08,5.0451999999999995,1.0,-12.10277319480324
121,4.114,5.0558,1.0,-11.915533839337183
121,4.147,5.0607999999999995,1.0,-11.826697743130774
121,4.18,5.0775999999999994,1.0,-11.54445959544936
121,4.214,5.081799999999999,1.0,-11.473381316017104
121,4.247,5.0968,1.0,-11.220433806355995
121,4.281,5.1026,1.0,-11.11322850021126
121,4.314,5.111800000000001,1.0,-10.956929067545099
121,4.348,5.122,1.0,-10.791350334579821
121,4.381,5.1342,1.0,-10.579542900586578
121,4.414,5.1411999999999995,1.0,-10.452207492848697
121,4.448,5.151,1.0,-10.28468472464879
121,4.481,5.1638,1.0,-10.055108788808429
121,4.515,5.1634,1.0,-10.063797997369141
121,4.548,5.169,1.0,-9.965994867093464
121,4.582,5.1786,1.0,-9.797855445235216
121,4.615,5.1852,1.0,-9.684988244134777
121,4.648,5.1964,1.0,-9.499693131620512
121,4.682,5.1948,1.0,-9.519086258713333
121,4.715,5.2052,1.0,-9.336119791564126
121,4.749,5.200799999999999,1.0,-9.400696045482889
121,4.782,5.2132,1.0,-9.194507455626464
121,4.816,5.2298,1.0,-8.898414237786945
121,4.849,5.228,1.0,-8.92575379264655
121,4.882,5.2334000000000005,1.0,-8.82797349434201
121,4.916,5.2574,1.0,-8.420974606047356
121,4.949,5.264200000000001,1.0,-8.299102330082263
121,4.983,5.2496,1.0,-8.547287744471934
121,5.016,5.2772,1.0,-8.074783096823559
121,5.049,5.288200000000001,1.0,-7.881198997525556
121,5.083,5.2794,1.0,-8.02953125585459
121,5.116,5.296,1.0,-7.752882841874739
121,5.15,5.3014,1.0,-7.648220038503743
121,5.183,5.3068,1.0,-7.564742069161636
121,5.217,5.3118,1.0,-7.472477091350245
121,5.25,5.3138000000000005,1.0,-7.430477070468536
121,5.283,5.3246,1.0,-7.247254017926947
121,5.317,5.3298000000000005,1.0,-7.156790928395447
121,5.35,5.336799999999999,1.0,-7.035976673456372
121,5.384,5.3504,1.0,-6.802875693498249
121,5.417,5.360200000000001,1.0,-6.633034816487166
121,5.451,5.3614,1.0,-6.608277818638515
121,5.484,5.364800000000001,1.0,-6.541388306245031
121,5.517,5.3759999999999994,1.0,-6.342106128393992
121,5.551,5.368399999999999,1.0,-6.481432161753338
121,5.584,5.385,1.0,-6.190830416666124
121,5.618,5.3988,1.0,-5.948193161257307
121,5.651,5.4036,1.0,-5.857448440927999
121,5.684,5.3896,1.0,-6.101550810423122
121,5.718,5.3986,1.0,-5.936347769043726
121,5.751,5.4026,1.0,-5.871754014363965
121,5.785,5.416600000000001,1.0,-5.628676497521854
121,5.818,5.4092,1.0,-5.7517356346328
121,5.852,5.4108,1.0,-5.729675801232914
121,5.885,5.421200000000001,1.0,-5.546539936408776
121,5.918,5.4214,1.0,-5.550663006707897
121,5.952,5.4266,1.0,-5.450169759849435
121,5.985,5.4184,1.0,-5.592369081658484
121,6.019,5.4118,1.0,-5.697639052080862
121,6.052,5.422,1.0,-5.532433087975133
121,6.086,5.4214,1.0,-5.550634795373384
121,6.119,5.4148,1.0,-5.65654545072208
121,6.152,5.417199999999999,1.0,-5.609791858152347
121,6.186,5.4262,1.0,-5.459899725547919
121,6.219,5.4196,1.0,-5.574464018483991
121,6.253,5.4316,1.0,-5.359424722784971
121,6.286,5.4174,1.0,-5.612555805711956
121,6.32,5.4352,1.0,-5.300852308971848
121,6.353,5.426399999999999,1.0,-5.454238366325282
121,6.386,5.4336,1.0,-5.327257269723392
121,6.42,5.449,1.0,-5.055861150291814
121,6.453,5.46,1.0,-4.8731386145482025
121,6.487,5.4702,1.0,-4.680106028354847
121,6.52,5.463,1.0,-4.807532217582883
121,6.553,5.473000000000001,1.0,-4.629358742560681
121,6.587,5.4672,1.0,-4.741394519119714
121,6.62,5.4774,1.0,-4.556951311873647
121,6.654,5.4886,1.0,-4.361421936897199
121,6.687,5.4956000000000005,1.0,-4.236587951121725
121,6.721,5.506600000000001,1.0,-4.047877300233928
121,6.754,5.4998000000000005,1.0,-4.178275158021651
121,6.787,5.5098,1.0,-3.992290738296596
121,6.821,5.514,1.0,-3.922950004043096
121,6.854,5.521800000000001,1.0,-3.771598252822925
121,6.888,5.5286,1.0,-3.6598160189620614
121,6.921,5.5282,1.0,-3.676114929491334
121,6.955,5.543,1.0,-3.4053548520965116
121,6.988,5.544,1.0,-3.3839605385565803
121,7.021000000000001,5.5546,1.0,-3.2035667122961513
121,7.055,5.5526,1.0,-3.229092512584117
121,7.087999999999999,5.5604,1.0,-3.1046579693263654
121,7.122,5.5682,1.0,-2.9608567619457977
121,7.154999999999999,5.578799999999999,1.0,-2.7828489613296603
121,7.189,5.579,1.0,-2.7715132626706973
121,7.2219999999999995,5.5844000000000005,1.0,-2.678155222479359
121,7.255000000000001,5.5969999999999995,1.0,-2.4611802473069266
121,7.289,5.5886,1.0,-2.60546823178748
121,7.321999999999999,5.5964,1.0,-2.4649535018128277
121,7.356,5.611400000000001,1.0,-2.195522782032915
121,7.388999999999999,5.6024,1.0,-2.3655822845340646
121,7.422000000000001,5.6104,1.0,-2.221877042604228
121,7.4559999999999995,5.6302,1.0,-1.8693014573637476
121,7.489000000000001,5.6272,1.0,-1.9261943907446135
121,7.523,5.6368,1.0,-1.7646528401849149
121,7.555999999999999,5.6344,1.0,-1.799356546707196
121,7.59,5.6346,1.0,-1.7896551779158323
121,7.622999999999999,5.6482,1.0,-1.5689057831730113
121,7.656000000000001,5.6488,1.0,-1.552430432893528
121,7.6899999999999995,5.6698,1.0,-1.1888182539188155
121,7.723000000000001,5.6701999999999995,1.0,-1.17621449882757
121,7.757,5.6652000000000005,1.0,-1.2632914337800805
121,7.789999999999999,5.6658,1.0,-1.2581338607627646
121,7.824,5.6586,1.0,-1.3745060608887583
121,7.856999999999999,5.6736,1.0,-1.1197776023690587
121,7.890000000000001,5.686400000000001,1.0,-0.8939011880160818
121,7.9239999999999995,5.6944,1.0,-0.7527033018769714
121,7.957000000000001,5.6986,1.0,-0.6752850597842052
121,7.991,5.6983999999999995,1.0,-0.6962883685054688
180,-1.0,5.38915,1.0,-1.2485047126568756
180,-0.967,5.4036,1.0,-0.9719441375397393
180,-0.933,5.41445,1.0,-0.7726623118330533
180,-0.9,5.417,1.0,-0.7214356142287698
180,-0.866,5.423299999999999,1.0,-0.6080906404174846
180,-0.833,5.4267,1.0,-0.5454750086006377
180,-0.7989999999999999,5.44125,1.0,-0.2746626549907949
180,-0.766,5.43305,1.0,-0.4279161724384234
180,-0.733,5.4363,1.0,-0.36432794080856923
180,-0.6990000000000001,5.4445,1.0,-0.21423884192218692
180,-0.6659999999999999,5.462,1.0,0.10872984848281919
180,-0.632,5.47085,1.0,0.26781714398366907
180,-0.599,5.46545,1.0,0.1804997125414043
180,-0.5660000000000001,5.47395,1.0,0.33117977757621986
180,-0.532,5.4775,1.0,0.38745963483264256
180,-0.499,5.4799,1.0,0.4322352986686845
180,-0.46499999999999997,5.4759,1.0,0.35952418042271006
180,-0.43200000000000005,5.4871,1.0,0.5652169950787922
180,-0.398,5.4799500000000005,1.0,0.4304077270811363
180,-0.365,5.47785,1.0,0.403430987219921
180,-0.33199999999999996,5.4738500000000005,1.0,0.32378261418824605
180,-0.29800000000000004,5.47915,1.0,0.42456018934191875
180,-0.265,5.476100000000001,1.0,0.36198271797206805
180,-0.23099999999999998,5.478,1.0,0.38511932918756375
180,-0.19799999999999995,5.47445,1.0,0.31923290972593665
180,-0.16400000000000003,5.47925,1.0,0.4060015966294472
180,-0.131,5.4666,1.0,0.1652064572628786
180,-0.09799999999999998,5.4662999999999995,1.0,0.15999960768155136
180,-0.06399999999999995,5.4632,1.0,0.11241804291738378
180,-0.031000000000000028,5.45835,1.0,0.024453264641551797
180,0.0029999999999998916,5.4584,1.0,0.0268627655992854
180,0.03600000000000003,5.45635,1.0,0.0059312073837891385
180,0.07000000000000006,5.443849999999999,1.0,-0.2119443019821631
180,0.10299999999999998,5.4515,1.0,-0.06730538849867798
180,0.1359999999999999,5.46045,1.0,0.10868974384369179
180,0.16999999999999993,5.4521,1.0,-0.030622786267036583
180,0.20300000000000007,5.4536,1.0,0.0023938828933001586
180,0.2370000000000001,5.3559,1.0,-1.7820032531040464
180,0.27,5.16525,1.0,-5.301073006040709
180,0.30299999999999994,4.95055,1.0,-9.252786093656846
180,0.33699999999999997,4.745,1.0,-13.039383558094372
180,0.3700000000000001,4.54405,1.0,-16.740948048873342
180,0.4039999999999999,4.33945,1.0,-20.49871067649296
180,0.43700000000000006,4.165699999999999,1.0,-23.696790213484626
180,0.4710000000000001,4.0121,1.0,-26.52254608784197
180,0.504,3.86465,1.0,-29.228243141056577
180,0.5369999999999999,3.73135,1.0,-31.67550345129542
180,0.571,3.6209499999999997,1.0,-33.69361336284773
180,0.6040000000000001,3.5267000000000004,1.0,-35.42590367492098
180,0.6379999999999999,3.43565,1.0,-37.08531956896272
180,0.671,3.3532,1.0,-38.59913053052596
180,0.7050000000000001,3.2896500000000004,1.0,-39.76356431516287
180,0.738,3.22935,1.0,-40.85657223405029
180,0.7709999999999999,3.17775,1.0,-41.800236655043946
180,0.8049999999999999,3.12845,1.0,-42.69849360424241
180,0.8380000000000001,3.0906,1.0,-43.390420233163184
180,0.8720000000000001,3.05475,1.0,-44.048397805619814
180,0.905,3.025,1.0,-44.58485275037002
180,0.9390000000000001,2.9936499999999997,1.0,-45.15343806306991
180,0.972,2.9653,1.0,-45.6694792906128
180,1.005,2.93965,1.0,-46.138019542126045
180,1.0390000000000001,2.9093,1.0,-46.68929033321551
180,1.072,2.8899999999999997,1.0,-47.040164854159876
180,1.1059999999999999,2.8701499999999998,1.0,-47.40444642323453
180,1.1389999999999998,2.86045,1.0,-47.57324740594416
180,1.1720000000000002,2.84065,1.0,-47.93138920183493
180,1.206,2.827,1.0,-48.17602643805243
180,1.2389999999999999,2.81315,1.0,-48.427340754498815
180,1.2730000000000001,2.80075,1.0,-48.643705247644945
180,1.306,2.79665,1.0,-48.71023177658175
180,1.3399999999999999,2.79325,1.0,-48.77362329624513
180,1.3730000000000002,2.79885,1.0,-48.66824753580223
180,1.4060000000000001,2.8133,1.0,-48.39056728116553
180,1.44,2.837,1.0,-47.945453906574194
180,1.4729999999999999,2.8628,1.0,-47.46361707846093
180,1.5070000000000001,2.9015,1.0,-46.74718060519064
180,1.54,2.9428,1.0,-45.97779809965748
180,1.5739999999999998,2.98285,1.0,-45.2306700492597
180,1.6070000000000002,3.03245,1.0,-44.30624372537237
180,1.6400000000000001,3.0769,1.0,-43.481776143733
180,1.674,3.1149,1.0,-42.772374664412226
180,1.7069999999999999,3.15565,1.0,-42.00968417190284
180,1.741,3.2042499999999996,1.0,-41.113870961018506
180,1.774,3.2445999999999997,1.0,-40.365452278546094
180,1.807,3.2826999999999997,1.0,-39.66069194797963
180,1.8410000000000002,3.3198,1.0,-38.97276668975023
180,1.874,3.36655,1.0,-38.10764208852817
180,1.908,3.39615,1.0,-37.56481432631812
180,1.9409999999999998,3.4368000000000003,1.0,-36.814440337107996
180,1.975,3.4680500000000003,1.0,-36.23708735053813
180,2.008,3.5020499999999997,1.0,-35.60416546871339
180,2.041,3.5386499999999996,1.0,-34.93502908479012
180,2.075,3.5664499999999997,1.0,-34.425385088571645
180,2.108,3.6007,1.0,-33.79261743200793
180,2.142,3.6314,1.0,-33.22616025135537
180,2.175,3.6656500000000003,1.0,-32.59297285157693
180,2.209,3.6981499999999996,1.0,-32.00347553146205
180,2.242,3.72635,1.0,-31.487135914148894
180,2.275,3.75885,1.0,-30.88877083997324
180,2.309,3.78855,1.0,-30.337419001444818
180,2.342,3.8122999999999996,1.0,-29.899581965057074
180,2.376,3.84425,1.0,-29.31376600876289
180,2.409,3.8659,1.0,-28.918422315742408
180,2.443,3.8891,1.0,-28.491612033399395
180,2.476,3.9162,1.0,-27.99469806241862
180,2.509,3.9403999999999995,1.0,-27.54888955902154
180,2.543,3.96605,1.0,-27.0757783575002
180,2.576,3.9889,1.0,-26.65912856422027
180,2.61,4.0109,1.0,-26.260944623807298
180,2.643,4.03625,1.0,-25.79325986624919
180,2.676,4.04885,1.0,-25.56688484324831
180,2.71,4.0744,1.0,-25.093036506698347
180,2.743,4.084899999999999,1.0,-24.906322694396817
180,2.777,4.103350000000001,1.0,-24.565426948881328
180,2.81,4.123,1.0,-24.20973717690089
180,2.844,4.13325,1.0,-24.016630561447773
180,2.877,4.14835,1.0,-23.741686744091627
180,2.91,4.16375,1.0,-23.46876539261154
180,2.944,4.17825,1.0,-23.19406155926788
180,2.977,4.1960999999999995,1.0,-22.875549273404495
180,3.011,4.20275,1.0,-22.75410533878327
180,3.0439999999999996,4.20715,1.0,-22.670699699921354
180,3.0780000000000003,4.2299,1.0,-22.25729723170759
180,3.1109999999999998,4.2381,1.0,-22.10690381018458
180,3.144,4.25265,1.0,-21.83401060192719
180,3.178,4.2646500000000005,1.0,-21.62093964762467
180,3.2110000000000003,4.27505,1.0,-21.431278326277212
180,3.245,4.28555,1.0,-21.22862533502907
180,3.2779999999999996,4.29355,1.0,-21.08935647080425
180,3.311,4.3031500000000005,1.0,-20.904381434906504
180,3.3449999999999998,4.3171,1.0,-20.651428190081784
180,3.378,4.3248,1.0,-20.505222272122932
180,3.412,4.3324,1.0,-20.367237901054175
180,3.4450000000000003,4.34075,1.0,-20.21430070004555
180,3.479,4.3464,1.0,-20.10676084225718
180,3.5119999999999996,4.3561,1.0,-19.93453842476608
180,3.545,4.3646,1.0,-19.778407106463394
180,3.5789999999999997,4.3734,1.0,-19.62377423239982
180,3.612,4.3781,1.0,-19.535212307541467
180,3.646,4.3876,1.0,-19.364438676451257
180,3.6790000000000003,4.39485,1.0,-19.23414250673636
180,3.713,4.4021,1.0,-19.100493656191585
180,3.7460000000000004,4.4103,1.0,-18.955078002591538
180,3.779,4.42165,1.0,-18.74111206796852
180,3.8129999999999997,4.423,1.0,-18.71913565242719
180,3.846,4.4266,1.0,-18.650549003168003
180,3.88,4.433400000000001,1.0,-18.524102954233122
180,3.9130000000000003,4.4407499999999995,1.0,-18.384758416849174
180,3.947,4.4426000000000005,1.0,-18.348201147516424
180,3.9800000000000004,4.4525500000000005,1.0,-18.165435375145382
180,4.013,4.45845,1.0,-18.053303982749227
180,4.047,4.47325,1.0,-17.780709257751933
180,4.08,4.48575,1.0,-17.555770797203245
180,4.114,4.4902,1.0,-17.46719489177262
180,4.147,4.5002,1.0,-17.285851768408783
180,4.18,4.50685,1.0,-17.167654898791728
180,4.214,4.51695,1.0,-16.984484088208895
180,4.247,4.52475,1.0,-16.845767582842747
180,4.281,4.52755,1.0,-16.795465566987595
180,4.314,4.5388,1.0,-16.591727256317107
180,4.348,4.548299999999999,1.0,-16.412612859585263
180,4.381,4.5521,1.0,-16.3480002282518
180,4.414,4.56335,1.0,-16.15715858610633
180,4.448,4.5673,1.0,-16.081976985196146
180,4.481,4.5795,1.0,-15.857780543817487
180,4.515,4.59135,1.0,-15.646019093233926
180,4.548,4.604699999999999,1.0,-15.39904655680768
180,4.582,4.60615,1.0,-15.373314385553257
180,4.615,4.6246,1.0,-15.02904468087542
180,4.648,4.62995,1.0,-14.93061634092553
180,4.682,4.64105,1.0,-14.726004440095426
180,4.715,4.6585,1.0,-14.405814216362504
180,4.749,4.67005,1.0,-14.197463135977767
180,4.782,4.681900000000001,1.0,-13.977473036799916
180,4.816,4.6857,1.0,-13.911460497776938
180,4.849,4.70075,1.0,-13.635510608584104
180,4.882,4.70845,1.0,-13.497754120103176
180,4.916,4.7158500000000005,1.0,-13.36022551422459
180,4.949,4.716749999999999,1.0,-13.337438822528933
180,4.983,4.72165,1.0,-13.24677186641146
180,5.016,4.72915,1.0,-13.115733544309673
180,5.049,4.7410499999999995,1.0,-12.89631733116426
180,5.083,4.7537,1.0,-12.663310691019285
180,5.116,4.7677,1.0,-12.407930385329063
180,5.15,4.7731,1.0,-12.311587875038953
180,5.183,4.78235,1.0,-12.142487902331565
180,5.217,4.7954,1.0,-11.903938609766891
180,5.25,4.81565,1.0,-11.535120405723944
180,5.283,4.824450000000001,1.0,-11.383560448160503
180,5.317,4.84,1.0,-11.097710698508035
180,5.35,4.84865,1.0,-10.938939366529363
180,5.384,4.8492,1.0,-10.924906226381735
180,5.417,4.8466000000000005,1.0,-10.965148522347494
180,5.451,4.8608,1.0,-10.709216834613866
180,5.484,4.8664000000000005,1.0,-10.612519064915961
180,5.517,4.86585,1.0,-10.618625713575053
180,5.551,4.87305,1.0,-10.48256934098929
180,5.584,4.8804,1.0,-10.342748182276434
180,5.618,4.88255,1.0,-10.318646381649184
180,5.651,4.9024,1.0,-9.94431322646563
180,5.684,4.9049,1.0,-9.905291467354136
180,5.718,4.91315,1.0,-9.757288063587144
180,5.751,4.9231,1.0,-9.57659796782265
180,5.785,4.92925,1.0,-9.466427930473438
180,5.818,4.933549999999999,1.0,-9.393648885548226
180,5.852,4.9422,1.0,-9.237483039918136
180,5.885,4.94435,1.0,-9.20624870546211
180,5.918,4.953,1.0,-9.04537577884076
180,5.952,4.9615,1.0,-8.895542586157852
180,5.985,4.9582999999999995,1.0,-8.950485721504538
180,6.019,4.95995,1.0,-8.913978293916028
180,6.052,4.9646,1.0,-8.828224109040296
180,6.086,4.962149999999999,1.0,-8.876533030734265
180,6.119,4.96995,1.0,-8.73620884811795
180,6.152,4.9636000000000005,1.0,-8.839001186908979
180,6.186,4.9670499999999995,1.0,-8.782670739816277
180,6.219,4.96715,1.0,-8.777329987617115
180,6.253,4.9792000000000005,1.0,-8.54767842130891
180,6.286,4.9785,1.0,-8.566984154071347
180,6.32,4.9864,1.0,-8.421890681442985
180,6.353,4.99135,1.0,-8.318634535364739
180,6.386,4.99695,1.0,-8.22747493923033
180,6.42,4.99435,1.0,-8.274996357860216
180,6.453,4.9952,1.0,-8.261233719999327
180,6.487,5.007949999999999,1.0,-8.023229937491287
180,6.52,5.0181,1.0,-7.836669122666345
180,6.553,5.0278,1.0,-7.659631753324976
180,6.587,5.0348,1.0,-7.544887542853692
180,6.62,5.0424,1.0,-7.397796923326614
180,6.654,5.05045,1.0,-7.252754480707469
180,6.687,5.049300000000001,1.0,-7.282374225504664
180,6.721,5.06435,1.0,-6.999962763236502
180,6.754,5.06875,1.0,-6.922958164444663
180,6.787,5.0771,1.0,-6.768144123042484
180,6.821,5.08375,1.0,-6.646532911208061
180,6.854,5.0884,1.0,-6.553317413782459
180,6.888,5.0827,1.0,-6.659859070168549
180,6.921,5.09705,1.0,-6.395350146634824
180,6.955,5.10115,1.0,-6.318324645657486
180,6.988,5.1015500000000005,1.0,-6.313992200409288
180,7.021000000000001,5.109,1.0,-6.167991984473645
180,7.055,5.1029,1.0,-6.276000676629169
180,7.087999999999999,5.1081,1.0,-6.184659362707892
180,7.122,5.12125,1.0,-5.9399667510242775
180,7.154999999999999,5.1240000000000006,1.0,-5.8893086316282925
180,7.189,5.131349999999999,1.0,-5.760296748836785
180,7.2219999999999995,5.13225,1.0,-5.736108614798014
180,7.255000000000001,5.13865,1.0,-5.627320763733175
180,7.289,5.14535,1.0,-5.510590459419541
180,7.321999999999999,5.1552500000000006,1.0,-5.322686990748195
180,7.356,5.1579999999999995,1.0,-5.278033740766118
180,7.388999999999999,5.1659999999999995,1.0,-5.13177304506822
180,7.422000000000001,5.18085,1.0,-4.861191568443072
180,7.4559999999999995,5.17955,1.0,-4.882549781623707
180,7.489000000000001,5.1856,1.0,-4.771911466227714
180,7.523,5.1968499999999995,1.0,-4.563881942733216
180,7.555999999999999,5.210500000000001,1.0,-4.315493267503971
180,7.59,5.2182,1.0,-4.173643774583322
180,7.622999999999999,5.22275,1.0,-4.085145491533849
180,7.656000000000001,5.22775,1.0,-3.9977138177764835
180,7.6899999999999995,5.22605,1.0,-4.027938359101058
180,7.723000000000001,5.2313,1.0,-3.933936783733344
180,7.757,5.23765,1.0,-3.8175018152269202
180,7.789999999999999,5.24465,1.0,-3.697753413107757
180,7.824,5.2347,1.0,-3.881706747763134
180,7.856999999999999,5.2436,1.0,-3.7226336699384364
180,7.890000000000001,5.24095,1.0,-3.7824181445576093
180,7.9239999999999995,5.2406,1.0,-3.7843693778107372
180,7.957000000000001,5.2393,1.0,-3.8136467223885844
180,7.991,5.24005,1.0,-3.79199874423488
